year_from,year_to,lon,lat,ssim,resnet_cosine_dist
2018,2019,120.615,24.085,0.006494545983497438,0.7324814796447754
2018,2019,120.615,24.095,0.005751741798937897,0.7639636993408203
2018,2019,120.615,24.105,0.005019851520930053,0.7640362977981567
2018,2019,120.615,24.115,0.005185571848560889,0.7746236324310303
2018,2019,120.615,24.125,0.005281182459202169,0.7819843888282776
2018,2019,120.615,24.135,0.0048904050856559385,0.7828746438026428
2018,2019,120.615,24.145,0.004225968183843851,0.7665895819664001
2018,2019,120.615,24.155,0.0042597346476944105,0.7538317441940308
2018,2019,120.615,24.165,0.003940990681376404,0.7491064071655273
2018,2019,120.615,24.175,0.0030949728522362036,0.7623566389083862
2018,2019,120.615,24.185,0.002493232288880254,0.7963312864303589
2018,2019,120.615,24.195,0.00258831877340627,0.7766543030738831
2018,2019,120.615,24.205,0.002985313708932218,0.7923179268836975
2018,2019,120.625,24.085,0.006185715539036626,0.7348800897598267
2018,2019,120.625,24.095,0.005525066916212658,0.7711886167526245
2018,2019,120.625,24.105,0.004659412921419396,0.7559483051300049
2018,2019,120.625,24.115,0.004621283719894687,0.7566061615943909
2018,2019,120.625,24.125,0.004583149723594869,0.7639684677124023
2018,2019,120.625,24.135,0.004096227589021493,0.7726855278015137
2018,2019,120.625,24.145,0.003410878638763558,0.7969281673431396
2018,2019,120.625,24.155,0.0033127731414034,0.7754032015800476
2018,2019,120.625,24.165,0.0032515334330653774,0.7780210375785828
2018,2019,120.625,24.175,0.002765065204594959,0.7745718359947205
2018,2019,120.625,24.185,0.0025500822722151002,0.7939751148223877
2018,2019,120.625,24.195,0.002470643365510363,0.7694191932678223
2018,2019,120.625,24.205,0.0025579614506029144,0.7862427234649658
2018,2019,120.635,24.085,0.006271717431315715,0.7480778694152832
2018,2019,120.635,24.095,0.005475968822137291,0.7450629472732544
2018,2019,120.635,24.105,0.00437457663761331,0.768241286277771
2018,2019,120.635,24.115,0.004132945780144823,0.7610400915145874
2018,2019,120.635,24.125,0.003846360760820367,0.7738485336303711
2018,2019,120.635,24.135,0.003501812960836763,0.7704677581787109
2018,2019,120.635,24.145,0.0027388231604408182,0.768126904964447
2018,2019,120.635,24.155,0.0026292032689796585,0.7663260698318481
2018,2019,120.635,24.165,0.0025708166022858714,0.7598687410354614
2018,2019,120.635,24.175,0.0024927679220325643,0.7732508778572083
2018,2019,120.635,24.185,0.002509463232704684,0.809268057346344
2018,2019,120.635,24.195,0.002475164921486791,0.7913635969161987
2018,2019,120.635,24.205,0.0024591755362007458,0.7899071574211121
2018,2019,120.645,24.085,0.006210071474071252,0.754715085029602
2018,2019,120.645,24.095,0.005309134844646233,0.7739847898483276
2018,2019,120.645,24.105,0.0040684366574631585,0.7709633111953735
2018,2019,120.645,24.115,0.003679156432006516,0.7542247772216797
2018,2019,120.645,24.125,0.003422859825459512,0.7722481489181519
2018,2019,120.645,24.135,0.0031321463690065607,0.7545788884162903
2018,2019,120.645,24.145,0.0024888947889649808,0.7723098397254944
2018,2019,120.645,24.155,0.00240596172299387,0.7831268310546875
2018,2019,120.645,24.165,0.00232654553768835,0.7342164516448975
2018,2019,120.645,24.175,0.0022676303224092877,0.769861102104187
2018,2019,120.645,24.185,0.002396532474702872,0.7943788170814514
2018,2019,120.645,24.195,0.0025698504399191933,0.7730238437652588
2018,2019,120.645,24.205,0.0025202148452786993,0.7441301345825195
2018,2019,120.655,24.085,0.005583888593566763,0.7621278762817383
2018,2019,120.655,24.095,0.004785692395008237,0.7639128565788269
2018,2019,120.655,24.105,0.0035160051624044493,0.7740482687950134
2018,2019,120.655,24.115,0.003099120065280633,0.7414791584014893
2018,2019,120.655,24.125,0.0026847045351507453,0.7748662233352661
2018,2019,120.655,24.135,0.0023949778977107963,0.7584925889968872
2018,2019,120.655,24.145,0.0019519671497439353,0.7206989526748657
2018,2019,120.655,24.155,0.0019720285586176107,0.7495548725128174
2018,2019,120.655,24.165,0.0020138251764757293,0.7101379632949829
2018,2019,120.655,24.175,0.0021130989025746555,0.7379827499389648
2018,2019,120.655,24.185,0.002368692403400173,0.7968244552612305
2018,2019,120.655,24.195,0.0025357408422920073,0.8001083135604858
2018,2019,120.655,24.205,0.002499521779366515,0.7624858617782593
2018,2019,120.665,24.085,0.00530714321166489,0.7685527205467224
2018,2019,120.665,24.095,0.0046285828052381,0.7412550449371338
2018,2019,120.665,24.105,0.003515484472580262,0.7599321007728577
2018,2019,120.665,24.115,0.002923343739711482,0.7190806865692139
2018,2019,120.665,24.125,0.0023885418309239383,0.7526484131813049
2018,2019,120.665,24.135,0.002118288818739505,0.7169173955917358
2018,2019,120.665,24.145,0.0018662480490672648,0.71779465675354
2018,2019,120.665,24.155,0.0018091775493184168,0.7346504926681519
2018,2019,120.665,24.165,0.0016891428311254669,0.7246295213699341
2018,2019,120.665,24.175,0.0018051346138914994,0.720480740070343
2018,2019,120.665,24.185,0.0022107984323069528,0.7757724523544312
2018,2019,120.665,24.195,0.002644670060262486,0.7766995429992676
2018,2019,120.665,24.205,0.0025917510741012835,0.7492785453796387
2018,2019,120.675,24.085,0.00490491627443032,0.7498158812522888
2018,2019,120.675,24.095,0.004231584766744845,0.7588503360748291
2018,2019,120.675,24.105,0.0035483489356875906,0.7674248218536377
2018,2019,120.675,24.115,0.0031483459410550333,0.7209885120391846
2018,2019,120.675,24.125,0.0026592192566345725,0.7784358263015747
2018,2019,120.675,24.135,0.0021983945690815443,0.7792899012565613
2018,2019,120.675,24.145,0.0019091412249686427,0.7572211027145386
2018,2019,120.675,24.155,0.0017523294048640925,0.7653149366378784
2018,2019,120.675,24.165,0.0016677766163726902,0.7268022298812866
2018,2019,120.675,24.175,0.001839760420352572,0.7408876419067383
2018,2019,120.675,24.185,0.0021968781635518355,0.7933474779129028
2018,2019,120.675,24.195,0.0026421340028043626,0.7690922021865845
2018,2019,120.675,24.205,0.0025872123646189077,0.7597178816795349
2018,2019,120.685,24.085,0.004503932106525503,0.724137544631958
2018,2019,120.685,24.095,0.0038962696916354676,0.7163078188896179
2018,2019,120.685,24.105,0.003401951223588428,0.7275296449661255
2018,2019,120.685,24.115,0.0029853116712722106,0.7193343043327332
2018,2019,120.685,24.125,0.00258448296404889,0.7656074166297913
2018,2019,120.685,24.135,0.002137570098371478,0.7842695116996765
2018,2019,120.685,24.145,0.0019616834809458045,0.7902288436889648
2018,2019,120.685,24.155,0.0018095583890097855,0.7472354173660278
2018,2019,120.685,24.165,0.001792762172111068,0.7307708263397217
2018,2019,120.685,24.175,0.002094287918867619,0.7702629566192627
2018,2019,120.685,24.185,0.00255732198072801,0.7846772074699402
2018,2019,120.685,24.195,0.0029591428307041067,0.7552201747894287
2018,2019,120.685,24.205,0.002871328692449984,0.7720470428466797
2018,2019,120.695,24.085,0.0045985488618250255,0.7291147708892822
2018,2019,120.695,24.095,0.0038137760493266695,0.7124900817871094
2018,2019,120.695,24.105,0.0033824643799913157,0.7359869480133057
2018,2019,120.695,24.115,0.0029224992289672226,0.7369697093963623
2018,2019,120.695,24.125,0.002699490638304046,0.7463589310646057
2018,2019,120.695,24.135,0.0021650149143309545,0.7631258964538574
2018,2019,120.695,24.145,0.002028894219040671,0.7908438444137573
2018,2019,120.695,24.155,0.0020216002861815543,0.7382193803787231
2018,2019,120.695,24.165,0.0020001106024742,0.7345524430274963
2018,2019,120.695,24.175,0.002393256011152997,0.7792050242424011
2018,2019,120.695,24.185,0.002852205720557214,0.7859697341918945
2018,2019,120.695,24.195,0.0033306882450016666,0.7559651136398315
2018,2019,120.695,24.205,0.0032493471119300708,0.7568982839584351
2018,2019,120.705,24.085,0.004921700517934289,0.7424526214599609
2018,2019,120.705,24.095,0.004016904347616809,0.7327316999435425
2018,2019,120.705,24.105,0.0036405006842727297,0.7421289682388306
2018,2019,120.705,24.115,0.0032357851458248025,0.7355009317398071
2018,2019,120.705,24.125,0.0031838638436062125,0.7281696796417236
2018,2019,120.705,24.135,0.0025858892630448754,0.7826297283172607
2018,2019,120.705,24.145,0.002374008076341978,0.7964731454849243
2018,2019,120.705,24.155,0.002248069820464878,0.7674525380134583
2018,2019,120.705,24.165,0.002341379159341254,0.7632637619972229
2018,2019,120.705,24.175,0.0033724700734913305,0.7649182081222534
2018,2019,120.705,24.185,0.004173954933353008,0.7801109552383423
2018,2019,120.705,24.195,0.004769182039213312,0.7708424925804138
2018,2019,120.705,24.205,0.0043565295280484995,0.7814779877662659
2018,2019,120.715,24.085,0.006108751694389095,0.7234295606613159
2018,2019,120.715,24.095,0.005365738308225142,0.7016829252243042
2018,2019,120.715,24.105,0.005182503563248056,0.7227987051010132
2018,2019,120.715,24.115,0.004800787509456344,0.7336333990097046
2018,2019,120.715,24.125,0.004626733336052571,0.7022168636322021
2018,2019,120.715,24.135,0.0040942164737523485,0.7697768807411194
2018,2019,120.715,24.145,0.003662517007431951,0.7814640998840332
2018,2019,120.715,24.155,0.0036159786303237777,0.7594422698020935
2018,2019,120.715,24.165,0.003638380993667886,0.7630481123924255
2018,2019,120.715,24.175,0.004909879962805567,0.786060094833374
2018,2019,120.715,24.185,0.005590209185118322,0.8048275709152222
2018,2019,120.715,24.195,0.006298745286723481,0.78520667552948
2018,2019,120.715,24.205,0.005913477823419213,0.7529035210609436
2018,2019,120.725,24.085,0.007541881648587526,0.7324051856994629
2018,2019,120.725,24.095,0.006844368685439959,0.7225522398948669
2018,2019,120.725,24.105,0.006749839207667849,0.7066423892974854
2018,2019,120.725,24.115,0.006328833107974331,0.7423743009567261
2018,2019,120.725,24.125,0.006287866711440435,0.6941733360290527
2018,2019,120.725,24.135,0.005805951670836549,0.737412691116333
2018,2019,120.725,24.145,0.005702989907037268,0.7519065141677856
2018,2019,120.725,24.155,0.0054402456129793815,0.7284549474716187
2018,2019,120.725,24.165,0.005363990703673769,0.749782919883728
2018,2019,120.725,24.175,0.006385883680384376,0.7780463099479675
2018,2019,120.725,24.185,0.006959758856002318,0.7933065295219421
2018,2019,120.725,24.195,0.007712847480135362,0.7403502464294434
2018,2019,120.725,24.205,0.007376708441861326,0.753868818283081
2018,2019,120.735,24.085,0.0092725989306766,0.6847745180130005
2018,2019,120.735,24.095,0.00856608075222932,0.7159929275512695
2018,2019,120.735,24.105,0.008053938717289393,0.6938683986663818
2018,2019,120.735,24.115,0.007517703956315669,0.713652491569519
2018,2019,120.735,24.125,0.007772173969963532,0.6804194450378418
2018,2019,120.735,24.135,0.007689315245362439,0.7149195075035095
2018,2019,120.735,24.145,0.007538729706742368,0.7430681586265564
2018,2019,120.735,24.155,0.006929527947411554,0.7281765937805176
2018,2019,120.735,24.165,0.006704039328474382,0.7589296698570251
2018,2019,120.735,24.175,0.007861648437498932,0.7707295417785645
2018,2019,120.735,24.185,0.0086538032895348,0.7567750215530396
2018,2019,120.735,24.195,0.00946625036572745,0.6922392249107361
2018,2019,120.735,24.205,0.009127676347132208,0.7026544809341431
2018,2019,120.745,24.085,0.011164014596335804,0.6808894276618958
2018,2019,120.745,24.095,0.010351476298313627,0.7288604974746704
2018,2019,120.745,24.105,0.009757788595613754,0.7268019318580627
2018,2019,120.745,24.115,0.009409637120504275,0.7247013449668884
2018,2019,120.745,24.125,0.009931617314895164,0.6776717305183411
2018,2019,120.745,24.135,0.009765472231988795,0.6960400342941284
2018,2019,120.745,24.145,0.009606541883533016,0.6907542943954468
2018,2019,120.745,24.155,0.008782711579355711,0.6931707859039307
2018,2019,120.745,24.165,0.008182236707656514,0.7343543767929077
2018,2019,120.745,24.175,0.009203920595062944,0.7462159395217896
2018,2019,120.745,24.185,0.009876179201244888,0.7461611032485962
2018,2019,120.745,24.195,0.011098110466690283,0.6845006346702576
2018,2019,120.745,24.205,0.010816640385388362,0.7017837166786194
2018,2019,120.755,24.085,0.012875257777176633,0.6881008148193359
2018,2019,120.755,24.095,0.012128024318821568,0.7324237823486328
2018,2019,120.755,24.105,0.011714259818635993,0.6956843137741089
2018,2019,120.755,24.115,0.011442621435049543,0.7232469320297241
2018,2019,120.755,24.125,0.012173253861283062,0.6817013025283813
2018,2019,120.755,24.135,0.012061762244027427,0.6801315546035767
2018,2019,120.755,24.145,0.01190062850874358,0.6943392753601074
2018,2019,120.755,24.155,0.010865441995770993,0.6535470485687256
2018,2019,120.755,24.165,0.010111679363277976,0.6827530860900879
2018,2019,120.755,24.175,0.010863307311657551,0.7181699275970459
2018,2019,120.755,24.185,0.011325346191819845,0.702499508857727
2018,2019,120.755,24.195,0.012618459207243648,0.6634020805358887
2018,2019,120.755,24.205,0.01225412613178577,0.6774178743362427
2019,2020,120.615,24.085,0.8064954904492783,0.05391591787338257
2019,2020,120.615,24.095,0.8056366371686359,0.059937238693237305
2019,2020,120.615,24.105,0.7852692198918424,0.05262202024459839
2019,2020,120.615,24.115,0.7817956021422792,0.05469125509262085
2019,2020,120.615,24.125,0.7821922723246638,0.052233099937438965
2019,2020,120.615,24.135,0.7657198130408871,0.05553311109542847
2019,2020,120.615,24.145,0.7422188764459888,0.06329643726348877
2019,2020,120.615,24.155,0.7364139443722889,0.04472988843917847
2019,2020,120.615,24.165,0.7210002227528769,0.040893375873565674
2019,2020,120.615,24.175,0.6913664288428606,0.05466878414154053
2019,2020,120.615,24.185,0.6694470333750745,0.11424511671066284
2019,2020,120.615,24.195,0.6804586096156431,0.10336118936538696
2019,2020,120.615,24.205,0.7027142786032655,0.1389715075492859
2019,2020,120.625,24.085,0.8060291310739545,0.07185924053192139
2019,2020,120.625,24.095,0.7952401689406938,0.053751349449157715
2019,2020,120.625,24.105,0.7729000645452496,0.06107056140899658
2019,2020,120.625,24.115,0.7667435350583814,0.05698549747467041
2019,2020,120.625,24.125,0.7608112516182216,0.07411062717437744
2019,2020,120.625,24.135,0.7402846634280552,0.06000936031341553
2019,2020,120.625,24.145,0.7166784914884048,0.05153632164001465
2019,2020,120.625,24.155,0.713372624148368,0.037089407444000244
2019,2020,120.625,24.165,0.7146126159787578,0.02130657434463501
2019,2020,120.625,24.175,0.7018672995170503,0.037206411361694336
2019,2020,120.625,24.185,0.6916207156626328,0.09604388475418091
2019,2020,120.625,24.195,0.686823342357171,0.08451521396636963
2019,2020,120.625,24.205,0.6893901617373052,0.10619187355041504
2019,2020,120.635,24.085,0.8061270502873362,0.05113476514816284
2019,2020,120.635,24.095,0.7939903127742207,0.04286479949951172
2019,2020,120.635,24.105,0.7666817096744062,0.06894135475158691
2019,2020,120.635,24.115,0.7542217602258567,0.06558102369308472
2019,2020,120.635,24.125,0.7391664517358288,0.0944070816040039
2019,2020,120.635,24.135,0.7217914344103965,0.067047119140625
2019,2020,120.635,24.145,0.6981310335704446,0.057925283908843994
2019,2020,120.635,24.155,0.6973231169989786,0.022036969661712646
2019,2020,120.635,24.165,0.7009672968411611,0.05111360549926758
2019,2020,120.635,24.175,0.699525701076596,0.05628931522369385
2019,2020,120.635,24.185,0.7091407423043573,0.09438270330429077
2019,2020,120.635,24.195,0.7133311260306388,0.07152986526489258
2019,2020,120.635,24.205,0.706209692379578,0.058300137519836426
2019,2020,120.645,24.085,0.7959221237405533,0.07226169109344482
2019,2020,120.645,24.095,0.7844332727405244,0.05337315797805786
2019,2020,120.645,24.105,0.7546058220920732,0.058870673179626465
2019,2020,120.645,24.115,0.7402561536876265,0.06383687257766724
2019,2020,120.645,24.125,0.7232024149960447,0.07847660779953003
2019,2020,120.645,24.135,0.7093107028847371,0.07241207361221313
2019,2020,120.645,24.145,0.6907750828569867,0.06416207551956177
2019,2020,120.645,24.155,0.6900817700604102,0.04594242572784424
2019,2020,120.645,24.165,0.6932549987269,0.05431395769119263
2019,2020,120.645,24.175,0.6963161718172134,0.05760228633880615
2019,2020,120.645,24.185,0.7171397961047242,0.09984731674194336
2019,2020,120.645,24.195,0.7393839903898854,0.08588838577270508
2019,2020,120.645,24.205,0.739103794371045,0.04894179105758667
2019,2020,120.655,24.085,0.7800854518039716,0.07992136478424072
2019,2020,120.655,24.095,0.7668352691550363,0.07239502668380737
2019,2020,120.655,24.105,0.7404017422393729,0.050521910190582275
2019,2020,120.655,24.115,0.7257397327733848,0.07914131879806519
2019,2020,120.655,24.125,0.7044116319140081,0.08372914791107178
2019,2020,120.655,24.135,0.6886363088176091,0.07809662818908691
2019,2020,120.655,24.145,0.6736037687537052,0.05855280160903931
2019,2020,120.655,24.155,0.6733809067091048,0.06421512365341187
2019,2020,120.655,24.165,0.6745701733487287,0.0591922402381897
2019,2020,120.655,24.175,0.6816288643813048,0.04780763387680054
2019,2020,120.655,24.185,0.70764603364339,0.08667004108428955
2019,2020,120.655,24.195,0.7325079828674391,0.07806932926177979
2019,2020,120.655,24.205,0.7364780921796883,0.06078207492828369
2019,2020,120.665,24.085,0.7575401963422276,0.07890915870666504
2019,2020,120.665,24.095,0.750034258598962,0.07757407426834106
2019,2020,120.665,24.105,0.7315455627383292,0.05965155363082886
2019,2020,120.665,24.115,0.7184386500809021,0.057646334171295166
2019,2020,120.665,24.125,0.6964774490140724,0.06424444913864136
2019,2020,120.665,24.135,0.68502264252758,0.057322680950164795
2019,2020,120.665,24.145,0.6740958348330093,0.06991136074066162
2019,2020,120.665,24.155,0.6681340242728632,0.0755041241645813
2019,2020,120.665,24.165,0.6454097604999992,0.09014135599136353
2019,2020,120.665,24.175,0.6438137133643907,0.12632471323013306
2019,2020,120.665,24.185,0.6531816479407434,0.20698702335357666
2019,2020,120.665,24.195,0.6961275665449781,0.14940416812896729
2019,2020,120.665,24.205,0.7108743788131802,0.10968488454818726
2019,2020,120.675,24.085,0.7389070787979193,0.1535211205482483
2019,2020,120.675,24.095,0.7251847910646372,0.17270541191101074
2019,2020,120.675,24.105,0.7116811931287287,0.2027416229248047
2019,2020,120.675,24.115,0.7069939213967519,0.04343235492706299
2019,2020,120.675,24.125,0.694480692471865,0.07167041301727295
2019,2020,120.675,24.135,0.6841306255437464,0.059874653816223145
2019,2020,120.675,24.145,0.6749765559374442,0.049234867095947266
2019,2020,120.675,24.155,0.6649488092017561,0.06237059831619263
2019,2020,120.675,24.165,0.6306606619621345,0.09286230802536011
2019,2020,120.675,24.175,0.6128977575320587,0.18830668926239014
2019,2020,120.675,24.185,0.5905768510531958,0.2028675079345703
2019,2020,120.675,24.195,0.6286150647881366,0.16398119926452637
2019,2020,120.675,24.205,0.6429799657786955,0.25277674198150635
2019,2020,120.685,24.085,0.724172681480073,0.1416642665863037
2019,2020,120.685,24.095,0.710241066570611,0.20336967706680298
2019,2020,120.685,24.105,0.6957041102841531,0.2109922170639038
2019,2020,120.685,24.115,0.6903972758535115,0.05950981378555298
2019,2020,120.685,24.125,0.683206727891594,0.04537123441696167
2019,2020,120.685,24.135,0.6796851136578611,0.06499636173248291
2019,2020,120.685,24.145,0.6735129324286415,0.04359233379364014
2019,2020,120.685,24.155,0.6622608785275976,0.03170371055603027
2019,2020,120.685,24.165,0.626848614592185,0.1225690245628357
2019,2020,120.685,24.175,0.6050107808514754,0.17154502868652344
2019,2020,120.685,24.185,0.5569253027605068,0.25247371196746826
2019,2020,120.685,24.195,0.5737857246473593,0.1884852647781372
2019,2020,120.685,24.205,0.5653728981025641,0.23807358741760254
2019,2020,120.695,24.085,0.6991630061700915,0.12500464916229248
2019,2020,120.695,24.095,0.683014081454128,0.19235867261886597
2019,2020,120.695,24.105,0.6716442617494416,0.239252507686615
2019,2020,120.695,24.115,0.6800945589180651,0.08265525102615356
2019,2020,120.695,24.125,0.6795886415941732,0.04750645160675049
2019,2020,120.695,24.135,0.6762636200172882,0.059416115283966064
2019,2020,120.695,24.145,0.6675207233088576,0.053537607192993164
2019,2020,120.695,24.155,0.6589054219665157,0.03348386287689209
2019,2020,120.695,24.165,0.6173413504839563,0.10201728343963623
2019,2020,120.695,24.175,0.5966827313324607,0.19354915618896484
2019,2020,120.695,24.185,0.5339706421873166,0.23529267311096191
2019,2020,120.695,24.195,0.5252803703407867,0.22634559869766235
2019,2020,120.695,24.205,0.4895737378036426,0.275410532951355
2019,2020,120.705,24.085,0.6788104594050164,0.13651078939437866
2019,2020,120.705,24.095,0.6541813168785163,0.2281954288482666
2019,2020,120.705,24.105,0.6444973568549555,0.2676736116409302
2019,2020,120.705,24.115,0.6630751746421645,0.12106776237487793
2019,2020,120.705,24.125,0.6858043883277294,0.07993215322494507
2019,2020,120.705,24.135,0.6609626131177905,0.21984273195266724
2019,2020,120.705,24.145,0.6485766363387628,0.258303701877594
2019,2020,120.705,24.155,0.6192038005820468,0.261863648891449
2019,2020,120.705,24.165,0.5711283030941948,0.2058061957359314
2019,2020,120.705,24.175,0.5607431909559505,0.3501845598220825
2019,2020,120.705,24.185,0.5154012136565213,0.29821789264678955
2019,2020,120.705,24.195,0.5247859016004874,0.2928842306137085
2019,2020,120.705,24.205,0.46274552295474003,0.3530701994895935
2019,2020,120.715,24.085,0.6893478709543154,0.1685519814491272
2019,2020,120.715,24.095,0.6716256683289374,0.20529377460479736
2019,2020,120.715,24.105,0.6649181630590719,0.244920015335083
2019,2020,120.715,24.115,0.6833338146805493,0.11842334270477295
2019,2020,120.715,24.125,0.7064638437245652,0.07801586389541626
2019,2020,120.715,24.135,0.6549981800277812,0.16299307346343994
2019,2020,120.715,24.145,0.6284259527960254,0.17561572790145874
2019,2020,120.715,24.155,0.5666981007146461,0.18710166215896606
2019,2020,120.715,24.165,0.5267396392569593,0.265897274017334
2019,2020,120.715,24.175,0.5208478502504544,0.32724183797836304
2019,2020,120.715,24.185,0.5083002353726579,0.336622416973114
2019,2020,120.715,24.195,0.5131200856089527,0.29980945587158203
2019,2020,120.715,24.205,0.4361308547265879,0.32487213611602783
2019,2020,120.725,24.085,0.7207035677664498,0.11469900608062744
2019,2020,120.725,24.095,0.7018540127814568,0.1582520604133606
2019,2020,120.725,24.105,0.6963110057261024,0.20365262031555176
2019,2020,120.725,24.115,0.7081833182005315,0.15775835514068604
2019,2020,120.725,24.125,0.7329072035980513,0.09313970804214478
2019,2020,120.725,24.135,0.6822916880790725,0.2174222469329834
2019,2020,120.725,24.145,0.6631755441887653,0.2815682888031006
2019,2020,120.725,24.155,0.5949800675247392,0.22742760181427002
2019,2020,120.725,24.165,0.5607404288464174,0.28987938165664673
2019,2020,120.725,24.175,0.556320408824392,0.24576759338378906
2019,2020,120.725,24.185,0.5492445967647936,0.27286893129348755
2019,2020,120.725,24.195,0.5121170388317222,0.26765620708465576
2019,2020,120.725,24.205,0.40043899448741704,0.33810198307037354
2019,2020,120.735,24.085,0.745258386440105,0.18196004629135132
2019,2020,120.735,24.095,0.7285073561046947,0.1989811658859253
2019,2020,120.735,24.105,0.7104415705915129,0.20528727769851685
2019,2020,120.735,24.115,0.7195669007302896,0.16011404991149902
2019,2020,120.735,24.125,0.74786863342466,0.0681760311126709
2019,2020,120.735,24.135,0.7099705530127828,0.24521738290786743
2019,2020,120.735,24.145,0.6903666202247667,0.29736244678497314
2019,2020,120.735,24.155,0.6208093054379806,0.3108147382736206
2019,2020,120.735,24.165,0.602223989640663,0.31851857900619507
2019,2020,120.735,24.175,0.6137728868577781,0.24564510583877563
2019,2020,120.735,24.185,0.628871938721102,0.25593703985214233
2019,2020,120.735,24.195,0.554239405984458,0.30031388998031616
2019,2020,120.735,24.205,0.4021518853755907,0.3171232342720032
2019,2020,120.745,24.085,0.7412030531449381,0.1941853165626526
2019,2020,120.745,24.095,0.72013001175501,0.2752389907836914
2019,2020,120.745,24.105,0.7088955588867292,0.27489376068115234
2019,2020,120.745,24.115,0.7478717974910115,0.21783429384231567
2019,2020,120.745,24.125,0.7800780871441245,0.13201427459716797
2019,2020,120.745,24.135,0.7151796037644153,0.22422868013381958
2019,2020,120.745,24.145,0.6913095537911448,0.21670299768447876
2019,2020,120.745,24.155,0.6216907218900196,0.2852783203125
2019,2020,120.745,24.165,0.6258492885409219,0.2637637257575989
2019,2020,120.745,24.175,0.6403083122181985,0.25585782527923584
2019,2020,120.745,24.185,0.6704138520889429,0.29845350980758667
2019,2020,120.745,24.195,0.6163200106890397,0.31672221422195435
2019,2020,120.745,24.205,0.47817567814195017,0.2928847074508667
2019,2020,120.755,24.085,0.7426486457399792,0.21697568893432617
2019,2020,120.755,24.095,0.7273936702803622,0.25357991456985474
2019,2020,120.755,24.105,0.7395892557426013,0.2678912878036499
2019,2020,120.755,24.115,0.7791715537032944,0.28914833068847656
2019,2020,120.755,24.125,0.8198635274491406,0.20972031354904175
2019,2020,120.755,24.135,0.7431209209156846,0.19479233026504517
2019,2020,120.755,24.145,0.6927922847162227,0.2283635139465332
2019,2020,120.755,24.155,0.6181544332129285,0.2853584289550781
2019,2020,120.755,24.165,0.637315383540076,0.3746159076690674
2019,2020,120.755,24.175,0.6747136436335132,0.2900007367134094
2019,2020,120.755,24.185,0.7137996453403338,0.38134288787841797
2019,2020,120.755,24.195,0.6802050742713821,0.30230408906936646
2019,2020,120.755,24.205,0.5653931850454296,0.2420315146446228
2020,2021,120.615,24.085,0.8824815281392299,0.056150197982788086
2020,2021,120.615,24.095,0.8808267365814879,0.038060128688812256
2020,2021,120.615,24.105,0.8787652030287835,0.0555303692817688
2020,2021,120.615,24.115,0.8782495699061067,0.04395759105682373
2020,2021,120.615,24.125,0.8862966375187732,0.04861515760421753
2020,2021,120.615,24.135,0.8823024277184464,0.08389699459075928
2020,2021,120.615,24.145,0.8700240893289164,0.04307323694229126
2020,2021,120.615,24.155,0.8583106155613363,0.05810445547103882
2020,2021,120.615,24.165,0.8575949700971172,0.031743407249450684
2020,2021,120.615,24.175,0.8660653140620382,0.027254045009613037
2020,2021,120.615,24.185,0.8415153791545558,0.030319929122924805
2020,2021,120.615,24.195,0.8362979380500692,0.07197076082229614
2020,2021,120.615,24.205,0.8339865135269066,0.07051211595535278
2020,2021,120.625,24.085,0.891512916837064,0.05976825952529907
2020,2021,120.625,24.095,0.8714265380698498,0.05797982215881348
2020,2021,120.625,24.105,0.8706384788219936,0.06899970769882202
2020,2021,120.625,24.115,0.8692916651438507,0.03932386636734009
2020,2021,120.625,24.125,0.8843356241821634,0.04067683219909668
2020,2021,120.625,24.135,0.8803943926814225,0.03589272499084473
2020,2021,120.625,24.145,0.8789883864572496,0.026511192321777344
2020,2021,120.625,24.155,0.8696639156611468,0.05344808101654053
2020,2021,120.625,24.165,0.8682710096525084,0.037968993186950684
2020,2021,120.625,24.175,0.8657010737425217,0.02905106544494629
2020,2021,120.625,24.185,0.8408852560241038,0.04525434970855713
2020,2021,120.625,24.195,0.8312563178796281,0.05652552843093872
2020,2021,120.625,24.205,0.8253493922153634,0.07204139232635498
2020,2021,120.635,24.085,0.8931851342500086,0.050110697746276855
2020,2021,120.635,24.095,0.8709462283491286,0.051709890365600586
2020,2021,120.635,24.105,0.8695266032697231,0.07535368204116821
2020,2021,120.635,24.115,0.866919031517989,0.05716937780380249
2020,2021,120.635,24.125,0.8834570311433171,0.0730668306350708
2020,2021,120.635,24.135,0.8801936043701316,0.05830591917037964
2020,2021,120.635,24.145,0.8829450260137742,0.025272369384765625
2020,2021,120.635,24.155,0.8764462521713283,0.030452370643615723
2020,2021,120.635,24.165,0.8726545454548533,0.030153751373291016
2020,2021,120.635,24.175,0.8585382019510842,0.021345674991607666
2020,2021,120.635,24.185,0.8364515500413978,0.06966763734817505
2020,2021,120.635,24.195,0.823914225384867,0.0675693154335022
2020,2021,120.635,24.205,0.8132954920970273,0.054452598094940186
2020,2021,120.645,24.085,0.8933046634926919,0.04769551753997803
2020,2021,120.645,24.095,0.8729757011280099,0.06764155626296997
2020,2021,120.645,24.105,0.8720243111900792,0.06828606128692627
2020,2021,120.645,24.115,0.8669725071735098,0.05798614025115967
2020,2021,120.645,24.125,0.8824573246266102,0.05129110813140869
2020,2021,120.645,24.135,0.8793720104846048,0.05670517683029175
2020,2021,120.645,24.145,0.8860092648160501,0.034796059131622314
2020,2021,120.645,24.155,0.8824045949176296,0.018635332584381104
2020,2021,120.645,24.165,0.8806393340755332,0.026287436485290527
2020,2021,120.645,24.175,0.8634665775100057,0.03525286912918091
2020,2021,120.645,24.185,0.8388413137381635,0.05476820468902588
2020,2021,120.645,24.195,0.8139080607583069,0.06860697269439697
2020,2021,120.645,24.205,0.7952582966449692,0.06750643253326416
2020,2021,120.655,24.085,0.8907586436143674,0.054531097412109375
2020,2021,120.655,24.095,0.8739849807587817,0.07948553562164307
2020,2021,120.655,24.105,0.8763310210574349,0.10732364654541016
2020,2021,120.655,24.115,0.8707064553420908,0.03625363111495972
2020,2021,120.655,24.125,0.884385572792128,0.04519146680831909
2020,2021,120.655,24.135,0.8814247614957231,0.04875427484512329
2020,2021,120.655,24.145,0.8913040970371006,0.016353309154510498
2020,2021,120.655,24.155,0.8950983060142663,0.01959514617919922
2020,2021,120.655,24.165,0.8838287188772928,0.019813954830169678
2020,2021,120.655,24.175,0.8607362876759782,0.024106919765472412
2020,2021,120.655,24.185,0.8258208616608917,0.049944400787353516
2020,2021,120.655,24.195,0.7959101109898609,0.06674951314926147
2020,2021,120.655,24.205,0.7672112256632708,0.07327210903167725
2020,2021,120.665,24.085,0.8791263825734672,0.049986839294433594
2020,2021,120.665,24.095,0.8672094827889447,0.07208877801895142
2020,2021,120.665,24.105,0.8728152839860018,0.10756754875183105
2020,2021,120.665,24.115,0.8705155565665993,0.02565610408782959
2020,2021,120.665,24.125,0.8871033705225493,0.02198624610900879
2020,2021,120.665,24.135,0.8894858174852943,0.0322498083114624
2020,2021,120.665,24.145,0.8982131821264465,0.03375500440597534
2020,2021,120.665,24.155,0.9051945459257177,0.014724195003509521
2020,2021,120.665,24.165,0.8649194382647536,0.06692278385162354
2020,2021,120.665,24.175,0.827739023045632,0.10588568449020386
2020,2021,120.665,24.185,0.7706066243806677,0.1774909496307373
2020,2021,120.665,24.195,0.7532587554639055,0.15139144659042358
2020,2021,120.665,24.205,0.7311053978413649,0.12884867191314697
2020,2021,120.675,24.085,0.867662946881987,0.08392566442489624
2020,2021,120.675,24.095,0.8523292371881568,0.1111941933631897
2020,2021,120.675,24.105,0.8553037809367963,0.12419712543487549
2020,2021,120.675,24.115,0.8699889877720647,0.023652732372283936
2020,2021,120.675,24.125,0.8925023014777385,0.018321514129638672
2020,2021,120.675,24.135,0.8975005705742258,0.042201459407806396
2020,2021,120.675,24.145,0.9001980933963073,0.015448808670043945
2020,2021,120.675,24.155,0.9046907287702831,0.01435917615890503
2020,2021,120.675,24.165,0.8471436713318622,0.06991297006607056
2020,2021,120.675,24.175,0.7854659789926124,0.16144514083862305
2020,2021,120.675,24.185,0.696684827560067,0.20421922206878662
2020,2021,120.675,24.195,0.6761261229070643,0.12473416328430176
2020,2021,120.675,24.205,0.6562575662910142,0.28574734926223755
2020,2021,120.685,24.085,0.8653183431112369,0.08855491876602173
2020,2021,120.685,24.095,0.8556404436162691,0.17976164817810059
2020,2021,120.685,24.105,0.8462582021962761,0.14657175540924072
2020,2021,120.685,24.115,0.8661414952795915,0.0329243540763855
2020,2021,120.685,24.125,0.8814000296388884,0.022190332412719727
2020,2021,120.685,24.135,0.892086320436601,0.02411729097366333
2020,2021,120.685,24.145,0.8909445159863725,0.010009169578552246
2020,2021,120.685,24.155,0.8937251368445004,0.011203169822692871
2020,2021,120.685,24.165,0.839398923023722,0.10548603534698486
2020,2021,120.685,24.175,0.771278913092441,0.1622878909111023
2020,2021,120.685,24.185,0.6568128765578988,0.2207689881324768
2020,2021,120.685,24.195,0.6113932629164323,0.21665996313095093
2020,2021,120.685,24.205,0.5621994600011897,0.2630611062049866
2020,2021,120.695,24.085,0.8378833582678611,0.08159661293029785
2020,2021,120.695,24.095,0.8358039406738043,0.13595587015151978
2020,2021,120.695,24.105,0.8275159815455755,0.1678130030632019
2020,2021,120.695,24.115,0.8635966457900421,0.043342769145965576
2020,2021,120.695,24.125,0.8770276843693408,0.032455503940582275
2020,2021,120.695,24.135,0.8839809186491837,0.05862140655517578
2020,2021,120.695,24.145,0.8805584121449584,0.03787308931350708
2020,2021,120.695,24.155,0.8801812565638844,0.013863921165466309
2020,2021,120.695,24.165,0.8207159955165259,0.09156006574630737
2020,2021,120.695,24.175,0.7592789418447533,0.23642992973327637
2020,2021,120.695,24.185,0.6295227020197779,0.26739346981048584
2020,2021,120.695,24.195,0.555998511542135,0.24470627307891846
2020,2021,120.695,24.205,0.47771659873625305,0.25557243824005127
2020,2021,120.705,24.085,0.8149397884454173,0.09893101453781128
2020,2021,120.705,24.095,0.7998368171803496,0.19809693098068237
2020,2021,120.705,24.105,0.7920312002048799,0.21624261140823364
2020,2021,120.705,24.115,0.8361100807759417,0.0478588342666626
2020,2021,120.705,24.125,0.8758493831065373,0.04019659757614136
2020,2021,120.705,24.135,0.8506010497202584,0.16016244888305664
2020,2021,120.705,24.145,0.8438797816833316,0.21842968463897705
2020,2021,120.705,24.155,0.8146148918293298,0.250929594039917
2020,2021,120.705,24.165,0.7484430082321684,0.2201775312423706
2020,2021,120.705,24.175,0.690663931349228,0.3927108645439148
2020,2021,120.705,24.185,0.5917731260562554,0.3568039536476135
2020,2021,120.705,24.195,0.553750901291737,0.3055988550186157
2020,2021,120.705,24.205,0.4521798565557258,0.3268440365791321
2020,2021,120.715,24.085,0.8167295743454285,0.09272390604019165
2020,2021,120.715,24.095,0.8021366808199851,0.15541082620620728
2020,2021,120.715,24.105,0.7925135831175697,0.15373659133911133
2020,2021,120.715,24.115,0.8346282908932026,0.0635603666305542
2020,2021,120.715,24.125,0.8791369115240621,0.033859968185424805
2020,2021,120.715,24.135,0.8225978669497743,0.13211441040039062
2020,2021,120.715,24.145,0.8030267534594366,0.1691787838935852
2020,2021,120.715,24.155,0.7329592125218026,0.18294751644134521
2020,2021,120.715,24.165,0.6759042365416343,0.27243202924728394
2020,2021,120.715,24.175,0.622556389370503,0.32629501819610596
2020,2021,120.715,24.185,0.5665086620834944,0.3022003173828125
2020,2021,120.715,24.195,0.534156732409341,0.2902606129646301
2020,2021,120.715,24.205,0.4294480554835234,0.32220399379730225
2020,2021,120.725,24.085,0.833741797806073,0.07099813222885132
2020,2021,120.725,24.095,0.8124343560009543,0.11872148513793945
2020,2021,120.725,24.105,0.8011569822988626,0.13208657503128052
2020,2021,120.725,24.115,0.8394087254764706,0.10498279333114624
2020,2021,120.725,24.125,0.8871988351411687,0.04359692335128784
2020,2021,120.725,24.135,0.8287281201906138,0.21854209899902344
2020,2021,120.725,24.145,0.8115583140341587,0.2686423063278198
2020,2021,120.725,24.155,0.7283704072293382,0.21829938888549805
2020,2021,120.725,24.165,0.6908607248897433,0.29314249753952026
2020,2021,120.725,24.175,0.6516342885198829,0.26605933904647827
2020,2021,120.725,24.185,0.6165781707708895,0.28181421756744385
2020,2021,120.725,24.195,0.5466943008959448,0.2891072630882263
2020,2021,120.725,24.205,0.4052252165951601,0.32432621717453003
2020,2021,120.735,24.085,0.8366055928613668,0.11670714616775513
2020,2021,120.735,24.095,0.8165531805882003,0.1800634264945984
2020,2021,120.735,24.105,0.7969343066452567,0.15520942211151123
2020,2021,120.735,24.115,0.8325906194002307,0.10091513395309448
2020,2021,120.735,24.125,0.880582963135331,0.04537612199783325
2020,2021,120.735,24.135,0.8281419446556488,0.25698232650756836
2020,2021,120.735,24.145,0.80621522173385,0.3298569917678833
2020,2021,120.735,24.155,0.7221637729993707,0.29995328187942505
2020,2021,120.735,24.165,0.7085826537250474,0.3209472894668579
2020,2021,120.735,24.175,0.695972517403005,0.25896430015563965
2020,2021,120.735,24.185,0.695199454942475,0.25751596689224243
2020,2021,120.735,24.195,0.5969649293220494,0.3304903507232666
2020,2021,120.735,24.205,0.4194341373704779,0.3239642381668091
2020,2021,120.745,24.085,0.8066810316422444,0.16621649265289307
2020,2021,120.745,24.095,0.7837332211894648,0.25755202770233154
2020,2021,120.745,24.105,0.780348017154309,0.1976812481880188
2020,2021,120.745,24.115,0.846712085110303,0.17340898513793945
2020,2021,120.745,24.125,0.8955949210636814,0.09814268350601196
2020,2021,120.745,24.135,0.8081265090814743,0.22581595182418823
2020,2021,120.745,24.145,0.7756255083449403,0.2570403218269348
2020,2021,120.745,24.155,0.6938740861103787,0.3170950412750244
2020,2021,120.745,24.165,0.7019013440791491,0.26179075241088867
2020,2021,120.745,24.175,0.7005277260016505,0.2707785964012146
2020,2021,120.745,24.185,0.7249182000999194,0.2958924174308777
2020,2021,120.745,24.195,0.6612524134842588,0.33990800380706787
2020,2021,120.745,24.205,0.5127542155854444,0.3044363260269165
2020,2021,120.755,24.085,0.7966013097640551,0.2129424810409546
2020,2021,120.755,24.095,0.7764283913543208,0.23825788497924805
2020,2021,120.755,24.105,0.7955791154582974,0.23456978797912598
2020,2021,120.755,24.115,0.8524532284607184,0.20621949434280396
2020,2021,120.755,24.125,0.907490555345171,0.1897100806236267
2020,2021,120.755,24.135,0.809175580826605,0.1897152066230774
2020,2021,120.755,24.145,0.7492064456869657,0.24435079097747803
2020,2021,120.755,24.155,0.6641194770920914,0.2982046604156494
2020,2021,120.755,24.165,0.6864405691294285,0.4018006920814514
2020,2021,120.755,24.175,0.7121875458710283,0.3148418664932251
2020,2021,120.755,24.185,0.7502627840416547,0.4004267454147339
2020,2021,120.755,24.195,0.718228797516348,0.30240023136138916
2020,2021,120.755,24.205,0.6084157178749133,0.23516380786895752
2021,2022,120.615,24.085,0.005828290590708975,0.7579769492149353
2021,2022,120.615,24.095,0.0052044768141310295,0.772490382194519
2021,2022,120.615,24.105,0.00396945126195652,0.7728766202926636
2021,2022,120.615,24.115,0.0038883094024198994,0.7829514741897583
2021,2022,120.615,24.125,0.003934023903291648,0.7629017233848572
2021,2022,120.615,24.135,0.003665935079544556,0.7578126788139343
2021,2022,120.615,24.145,0.0029758945961668,0.7799881100654602
2021,2022,120.615,24.155,0.0029999411635678592,0.7868474125862122
2021,2022,120.615,24.165,0.002728104525245026,0.7984978556632996
2021,2022,120.615,24.175,0.002275610310728322,0.7916317582130432
2021,2022,120.615,24.185,0.002155775572071099,0.7771491408348083
2021,2022,120.615,24.195,0.0026228157250810812,0.748031497001648
2021,2022,120.615,24.205,0.003209616323168505,0.7486413717269897
2021,2022,120.625,24.085,0.0053625762359032925,0.7789300084114075
2021,2022,120.625,24.095,0.004576159036529918,0.7687951326370239
2021,2022,120.625,24.105,0.0033790176425486386,0.7617874145507812
2021,2022,120.625,24.115,0.003354136855717984,0.7894974946975708
2021,2022,120.625,24.125,0.0035253311910989527,0.7736635804176331
2021,2022,120.625,24.135,0.003121045161569524,0.7692384719848633
2021,2022,120.625,24.145,0.0023002899985747455,0.7965903878211975
2021,2022,120.625,24.155,0.0021013936015840547,0.793994665145874
2021,2022,120.625,24.165,0.002049631390240973,0.7953875064849854
2021,2022,120.625,24.175,0.0019591106652137023,0.7954311370849609
2021,2022,120.625,24.185,0.002103321408799689,0.7820237874984741
2021,2022,120.625,24.195,0.002266830049593742,0.7778574228286743
2021,2022,120.625,24.205,0.002489452723059727,0.7758668661117554
2021,2022,120.635,24.085,0.005344888156055571,0.7807256579399109
2021,2022,120.635,24.095,0.004389224290277675,0.7687370777130127
2021,2022,120.635,24.105,0.0030774479948528608,0.7823814749717712
2021,2022,120.635,24.115,0.002959318844130129,0.7756903767585754
2021,2022,120.635,24.125,0.0030110412795247227,0.779593288898468
2021,2022,120.635,24.135,0.00268721172035973,0.7723038792610168
2021,2022,120.635,24.145,0.0018814283169580179,0.7702275514602661
2021,2022,120.635,24.155,0.0016841083259020772,0.778319776058197
2021,2022,120.635,24.165,0.001620660552333645,0.7757142782211304
2021,2022,120.635,24.175,0.0016024264490605575,0.785376787185669
2021,2022,120.635,24.185,0.0017774029651542052,0.8068910837173462
2021,2022,120.635,24.195,0.0018522597669273276,0.7847797870635986
2021,2022,120.635,24.205,0.0019395220319956914,0.7542387247085571
2021,2022,120.645,24.085,0.005260026386015763,0.7795745134353638
2021,2022,120.645,24.095,0.004256735676352885,0.7795930504798889
2021,2022,120.645,24.105,0.002822221842933601,0.7780730128288269
2021,2022,120.645,24.115,0.0024256818530389193,0.7741735577583313
2021,2022,120.645,24.125,0.0024735164691870636,0.793377161026001
2021,2022,120.645,24.135,0.0023037459917543386,0.7724137306213379
2021,2022,120.645,24.145,0.001692619672241113,0.7832802534103394
2021,2022,120.645,24.155,0.0015418775086432916,0.7904917001724243
2021,2022,120.645,24.165,0.00142697741764092,0.7726889848709106
2021,2022,120.645,24.175,0.0013528165484582206,0.7844102382659912
2021,2022,120.645,24.185,0.001489068436733226,0.8032383322715759
2021,2022,120.645,24.195,0.001609048613837189,0.7922708988189697
2021,2022,120.645,24.205,0.001587081260369209,0.7551482915878296
2021,2022,120.655,24.085,0.004654981036066994,0.7765052318572998
2021,2022,120.655,24.095,0.0037516040249702546,0.7729157209396362
2021,2022,120.655,24.105,0.0023591521316905285,0.7580453157424927
2021,2022,120.655,24.115,0.0018303517654070262,0.7852782607078552
2021,2022,120.655,24.125,0.0016345237806291645,0.8040335178375244
2021,2022,120.655,24.135,0.0013899309817257855,0.7770534753799438
2021,2022,120.655,24.145,0.0010096299985310772,0.7595979571342468
2021,2022,120.655,24.155,0.0010355871533905805,0.780809760093689
2021,2022,120.655,24.165,0.001141514926276789,0.7329736948013306
2021,2022,120.655,24.175,0.001255471889832657,0.7835270762443542
2021,2022,120.655,24.185,0.0014646369193984335,0.8188097476959229
2021,2022,120.655,24.195,0.0015243741739473665,0.7966309785842896
2021,2022,120.655,24.205,0.0014244736194721306,0.7636678814888
2021,2022,120.665,24.085,0.004242840361475237,0.7801900506019592
2021,2022,120.665,24.095,0.0035540567327951894,0.7827451229095459
2021,2022,120.665,24.105,0.002421071581628005,0.7575075626373291
2021,2022,120.665,24.115,0.0016612041843269787,0.7697734832763672
2021,2022,120.665,24.125,0.0013757400193860983,0.8010761737823486
2021,2022,120.665,24.135,0.0011397059825546103,0.7730518579483032
2021,2022,120.665,24.145,0.0009474100115506598,0.7293485999107361
2021,2022,120.665,24.155,0.0009090571402424992,0.7384302616119385
2021,2022,120.665,24.165,0.0008615976753455497,0.7494640350341797
2021,2022,120.665,24.175,0.0009629452059609048,0.7631709575653076
2021,2022,120.665,24.185,0.0012644232097367423,0.8025789260864258
2021,2022,120.665,24.195,0.0014794976828817463,0.789472222328186
2021,2022,120.665,24.205,0.0013641705076436605,0.7694579362869263
2021,2022,120.675,24.085,0.003815508095189168,0.774992823600769
2021,2022,120.675,24.095,0.003201298794821669,0.7627321481704712
2021,2022,120.675,24.105,0.0024866119736823592,0.7825685143470764
2021,2022,120.675,24.115,0.0019082005396945968,0.762304961681366
2021,2022,120.675,24.125,0.0016208327823184104,0.8014825582504272
2021,2022,120.675,24.135,0.0012184980704945348,0.8015387654304504
2021,2022,120.675,24.145,0.000988013811839713,0.7585842609405518
2021,2022,120.675,24.155,0.0008939303506169772,0.7943570017814636
2021,2022,120.675,24.165,0.0008425356081894469,0.7593928575515747
2021,2022,120.675,24.175,0.0009394839337212176,0.7700348496437073
2021,2022,120.675,24.185,0.0011972516520859751,0.8074813485145569
2021,2022,120.675,24.195,0.0014062926782614721,0.7792661190032959
2021,2022,120.675,24.205,0.0012988839563911863,0.80859375
2021,2022,120.685,24.085,0.003307016836364082,0.7695893049240112
2021,2022,120.685,24.095,0.0028787449722266945,0.7377783060073853
2021,2022,120.685,24.105,0.002416063424657553,0.7591071724891663
2021,2022,120.685,24.115,0.001849043212153713,0.7515690922737122
2021,2022,120.685,24.125,0.0015618228628249597,0.78079754114151
2021,2022,120.685,24.135,0.0011552853966452334,0.7972621917724609
2021,2022,120.685,24.145,0.001002620831542434,0.7807623147964478
2021,2022,120.685,24.155,0.0008968336134061902,0.7751410603523254
2021,2022,120.685,24.165,0.0008747637665988354,0.7596601247787476
2021,2022,120.685,24.175,0.0010470289170937078,0.8038065433502197
2021,2022,120.685,24.185,0.0013764737138222119,0.8053039908409119
2021,2022,120.685,24.195,0.0015702849815836307,0.7761836647987366
2021,2022,120.685,24.205,0.0014223307496538757,0.7842721343040466
2021,2022,120.695,24.085,0.0030309263910975734,0.7658566832542419
2021,2022,120.695,24.095,0.0025128026022062737,0.7590526938438416
2021,2022,120.695,24.105,0.002207273927975214,0.751732587814331
2021,2022,120.695,24.115,0.0017758481287624994,0.7468036413192749
2021,2022,120.695,24.125,0.0016039565275125496,0.766190767288208
2021,2022,120.695,24.135,0.0011794384209094632,0.7603209018707275
2021,2022,120.695,24.145,0.0010386781507128403,0.7832890152931213
2021,2022,120.695,24.155,0.0009954734452929496,0.7622519731521606
2021,2022,120.695,24.165,0.0009528512820812438,0.7475721836090088
2021,2022,120.695,24.175,0.001209193558241489,0.8034030199050903
2021,2022,120.695,24.185,0.0015505723394052568,0.7991428375244141
2021,2022,120.695,24.195,0.0017632012490754248,0.7737166285514832
2021,2022,120.695,24.205,0.0015981971510703574,0.7627691030502319
2021,2022,120.705,24.085,0.002892656775530982,0.770156741142273
2021,2022,120.705,24.095,0.0023407578973928906,0.7661318778991699
2021,2022,120.705,24.105,0.0021580976885395065,0.7476727962493896
2021,2022,120.705,24.115,0.0018976440230617114,0.7484718561172485
2021,2022,120.705,24.125,0.0018713377527327065,0.7602178454399109
2021,2022,120.705,24.135,0.0014158202400401327,0.7761489152908325
2021,2022,120.705,24.145,0.0012469101892752525,0.7869169116020203
2021,2022,120.705,24.155,0.0010969254249266333,0.7775223851203918
2021,2022,120.705,24.165,0.0010916670358715756,0.7749691009521484
2021,2022,120.705,24.175,0.0017679446457938717,0.7815388441085815
2021,2022,120.705,24.185,0.002381200246772882,0.8176676630973816
2021,2022,120.705,24.195,0.002745920873951498,0.7830847501754761
2021,2022,120.705,24.205,0.0024545864651097865,0.7844399213790894
2021,2022,120.715,24.085,0.0034864838824495655,0.7502027750015259
2021,2022,120.715,24.095,0.003118966216708113,0.7479633092880249
2021,2022,120.715,24.105,0.0031509406852878504,0.7398461699485779
2021,2022,120.715,24.115,0.002883568098046016,0.7558270692825317
2021,2022,120.715,24.125,0.0027396641962388123,0.7296130657196045
2021,2022,120.715,24.135,0.0023088888812225917,0.7788763046264648
2021,2022,120.715,24.145,0.0020294304198059648,0.8013074398040771
2021,2022,120.715,24.155,0.0018927628158316833,0.7867820262908936
2021,2022,120.715,24.165,0.001787404490305988,0.7761244177818298
2021,2022,120.715,24.175,0.0025770577193023588,0.7858281135559082
2021,2022,120.715,24.185,0.0032009738430215156,0.8029302358627319
2021,2022,120.715,24.195,0.003685992627163604,0.7846035957336426
2021,2022,120.715,24.205,0.0035519353191318724,0.765273928642273
2021,2022,120.725,24.085,0.004268590074117369,0.741263747215271
2021,2022,120.725,24.095,0.0040377757077692065,0.7380284667015076
2021,2022,120.725,24.105,0.004213992074732154,0.7428499460220337
2021,2022,120.725,24.115,0.003956329907055442,0.7453184127807617
2021,2022,120.725,24.125,0.0038361228799080956,0.7421849966049194
2021,2022,120.725,24.135,0.0034742581432632147,0.7401915788650513
2021,2022,120.725,24.145,0.003393883014437541,0.7716525197029114
2021,2022,120.725,24.155,0.0031005295228939017,0.7533872127532959
2021,2022,120.725,24.165,0.0028288423795405056,0.7687249183654785
2021,2022,120.725,24.175,0.0034420952161611407,0.8004673719406128
2021,2022,120.725,24.185,0.004005378914959476,0.8225902915000916
2021,2022,120.725,24.195,0.004533511653105562,0.7548223733901978
2021,2022,120.725,24.205,0.004489727724720497,0.747470498085022
2021,2022,120.735,24.085,0.0052911375308691755,0.723261833190918
2021,2022,120.735,24.095,0.005050834949909058,0.7083057761192322
2021,2022,120.735,24.105,0.004932115493877852,0.7292422652244568
2021,2022,120.735,24.115,0.004547746984579661,0.7318464517593384
2021,2022,120.735,24.125,0.004653819208632408,0.7014691829681396
2021,2022,120.735,24.135,0.0046855127107646504,0.7446377277374268
2021,2022,120.735,24.145,0.0045893519370127705,0.7681971192359924
2021,2022,120.735,24.155,0.0040929549076295845,0.7494746446609497
2021,2022,120.735,24.165,0.0036872599722454183,0.7538013458251953
2021,2022,120.735,24.175,0.004375203993591021,0.7977633476257324
2021,2022,120.735,24.185,0.005032689725571173,0.7703211903572083
2021,2022,120.735,24.195,0.0056456668256060225,0.7455401420593262
2021,2022,120.735,24.205,0.005643445280331809,0.7399470806121826
2021,2022,120.745,24.085,0.006467080785889947,0.7110251784324646
2021,2022,120.745,24.095,0.006206948412918668,0.7068978548049927
2021,2022,120.745,24.105,0.006059501363953224,0.7248278856277466
2021,2022,120.745,24.115,0.005715870349038187,0.7273764610290527
2021,2022,120.745,24.125,0.005931692409356007,0.7174976468086243
2021,2022,120.745,24.135,0.005904783879488799,0.7213521003723145
2021,2022,120.745,24.145,0.005820852042299691,0.7538156509399414
2021,2022,120.745,24.155,0.005250974206662561,0.7404780387878418
2021,2022,120.745,24.165,0.004691446831411928,0.757088303565979
2021,2022,120.745,24.175,0.005268925300793565,0.7857590913772583
2021,2022,120.745,24.185,0.005812382731282996,0.7927365899085999
2021,2022,120.745,24.195,0.006606626477414819,0.7404094934463501
2021,2022,120.745,24.205,0.006663802736837367,0.7307748794555664
2021,2022,120.755,24.085,0.0076378058988637735,0.6637701988220215
2021,2022,120.755,24.095,0.007510638301690195,0.6864359974861145
2021,2022,120.755,24.105,0.007451608524331922,0.6896628141403198
2021,2022,120.755,24.115,0.007104168311525727,0.7330344915390015
2021,2022,120.755,24.125,0.0074043389801777,0.6926032900810242
2021,2022,120.755,24.135,0.007325766493262018,0.6959658861160278
2021,2022,120.755,24.145,0.007270931721961061,0.7005835771560669
2021,2022,120.755,24.155,0.00664149025301818,0.6836776733398438
2021,2022,120.755,24.165,0.006069529489314312,0.702090322971344
2021,2022,120.755,24.175,0.0064843328782748086,0.7506882548332214
2021,2022,120.755,24.185,0.006881303617920468,0.7338969707489014
2021,2022,120.755,24.195,0.00771192520606037,0.6823824048042297
2021,2022,120.755,24.205,0.007739661512814494,0.7243078947067261
2022,2023,120.615,24.085,0.01384996443848912,0.7928947806358337
2022,2023,120.615,24.095,0.012732972759749012,0.7720053791999817
2022,2023,120.615,24.105,0.0106173921532732,0.7977306842803955
2022,2023,120.615,24.115,0.01054920727039236,0.8080699443817139
2022,2023,120.615,24.125,0.010297177850670436,0.7849060297012329
2022,2023,120.615,24.135,0.009370749679487634,0.781284511089325
2022,2023,120.615,24.145,0.006408900789550612,0.7729398012161255
2022,2023,120.615,24.155,0.008814597208495891,0.7632009387016296
2022,2023,120.615,24.165,0.008540962365606345,0.7786731719970703
2022,2023,120.615,24.175,0.00680899762593829,0.7662157416343689
2022,2023,120.615,24.185,0.006603508357694248,0.7849777936935425
2022,2023,120.615,24.195,0.009036734156929639,0.7552202343940735
2022,2023,120.615,24.205,0.018009690095590978,0.7773303985595703
2022,2023,120.625,24.085,0.012995211036416432,0.7826651334762573
2022,2023,120.625,24.095,0.011343369080186242,0.7737440466880798
2022,2023,120.625,24.105,0.008968129950754902,0.8008098006248474
2022,2023,120.625,24.115,0.00880834847535341,0.8145608901977539
2022,2023,120.625,24.125,0.009139043319399404,0.8092847466468811
2022,2023,120.625,24.135,0.008150611716829235,0.7792249917984009
2022,2023,120.625,24.145,0.004789959836680316,0.7861970663070679
2022,2023,120.625,24.155,0.005200111218077028,0.7932729721069336
2022,2023,120.625,24.165,0.005425581936852646,0.7731216549873352
2022,2023,120.625,24.175,0.004536613628106339,0.7728582620620728
2022,2023,120.625,24.185,0.006609531612435351,0.7648350596427917
2022,2023,120.625,24.195,0.008669043102310252,0.7799005508422852
2022,2023,120.625,24.205,0.011248605715105857,0.7683469653129578
2022,2023,120.635,24.085,0.01341948389987242,0.7664985060691833
2022,2023,120.635,24.095,0.011332488346797237,0.7919347286224365
2022,2023,120.635,24.105,0.008271657903663656,0.7977880239486694
2022,2023,120.635,24.115,0.008104520809527553,0.8226180076599121
2022,2023,120.635,24.125,0.008167280327317256,0.8238815069198608
2022,2023,120.635,24.135,0.007592228177730265,0.802571177482605
2022,2023,120.635,24.145,0.003230416606454602,0.7629410028457642
2022,2023,120.635,24.155,0.0034074584764880785,0.8017359972000122
2022,2023,120.635,24.165,0.003665997307034596,0.7629879117012024
2022,2023,120.635,24.175,0.0035787372506180873,0.7763237953186035
2022,2023,120.635,24.185,0.0037794321939104703,0.7959879040718079
2022,2023,120.635,24.195,0.004500494916946017,0.7830791473388672
2022,2023,120.635,24.205,0.007404362458017368,0.7725696563720703
2022,2023,120.645,24.085,0.013955923062714525,0.7745481133460999
2022,2023,120.645,24.095,0.011504577179796693,0.7756461501121521
2022,2023,120.645,24.105,0.0077753407012988015,0.7613871097564697
2022,2023,120.645,24.115,0.006526432422823829,0.815071165561676
2022,2023,120.645,24.125,0.00660555534390961,0.8078684210777283
2022,2023,120.645,24.135,0.00643740208621207,0.7766513228416443
2022,2023,120.645,24.145,0.002821230612854221,0.7815978527069092
2022,2023,120.645,24.155,0.0029828795200664403,0.7928801774978638
2022,2023,120.645,24.165,0.002901358452999265,0.750878095626831
2022,2023,120.645,24.175,0.0028511840466362045,0.7928487062454224
2022,2023,120.645,24.185,0.0030802261896839293,0.8056339621543884
2022,2023,120.645,24.195,0.00444105994409911,0.7882993817329407
2022,2023,120.645,24.205,0.004758561119074795,0.7360169887542725
2022,2023,120.655,24.085,0.009988208719326397,0.7630252838134766
2022,2023,120.655,24.095,0.007646000721991742,0.7667818665504456
2022,2023,120.655,24.105,0.004779762806053072,0.7735884189605713
2022,2023,120.655,24.115,0.003979980468969552,0.7928449511528015
2022,2023,120.655,24.125,0.0035609138642415587,0.8137590885162354
2022,2023,120.655,24.135,0.00311291859809646,0.7744284868240356
2022,2023,120.655,24.145,0.0014649542928583071,0.779392421245575
2022,2023,120.655,24.155,0.001667664342386164,0.761399507522583
2022,2023,120.655,24.165,0.0018911150974218007,0.7316767573356628
2022,2023,120.655,24.175,0.0022029243527942064,0.7702160477638245
2022,2023,120.655,24.185,0.0027691736677396476,0.8055288791656494
2022,2023,120.655,24.195,0.004697410762747648,0.7863996028900146
2022,2023,120.655,24.205,0.005562176810415134,0.7816175222396851
2022,2023,120.665,24.085,0.01001146115583137,0.7642245292663574
2022,2023,120.665,24.095,0.008058022761514684,0.758752703666687
2022,2023,120.665,24.105,0.005366110616950583,0.7682242393493652
2022,2023,120.665,24.115,0.0029710697860680832,0.7458311319351196
2022,2023,120.665,24.125,0.0025357646642105137,0.7827773094177246
2022,2023,120.665,24.135,0.002092708479164619,0.7606859803199768
2022,2023,120.665,24.145,0.001476402759194574,0.7452946901321411
2022,2023,120.665,24.155,0.001354371230247431,0.7517082691192627
2022,2023,120.665,24.165,0.0012260153152416646,0.7236239910125732
2022,2023,120.665,24.175,0.0014067458228831547,0.7411935329437256
2022,2023,120.665,24.185,0.001976033265945153,0.766940712928772
2022,2023,120.665,24.195,0.004191597185419913,0.7999877333641052
2022,2023,120.665,24.205,0.0052739939596447025,0.7932645678520203
2022,2023,120.675,24.085,0.00911085443431509,0.7485091090202332
2022,2023,120.675,24.095,0.007556348430117282,0.7597628831863403
2022,2023,120.675,24.105,0.006375045957304453,0.7731549739837646
2022,2023,120.675,24.115,0.004591299611104506,0.731282114982605
2022,2023,120.675,24.125,0.004070062065491968,0.777820885181427
2022,2023,120.675,24.135,0.002433279755328395,0.7796591520309448
2022,2023,120.675,24.145,0.001447504685794098,0.747488260269165
2022,2023,120.675,24.155,0.0012149471918982498,0.7675430178642273
2022,2023,120.675,24.165,0.0011289981115934946,0.7388308644294739
2022,2023,120.675,24.175,0.001361272304421172,0.7563873529434204
2022,2023,120.675,24.185,0.0017029230031847958,0.7939363718032837
2022,2023,120.675,24.195,0.0031756184380175704,0.7914551496505737
2022,2023,120.675,24.205,0.004202806133629585,0.8072731494903564
2022,2023,120.685,24.085,0.00814022009708738,0.7458611726760864
2022,2023,120.685,24.095,0.007088191813499296,0.7357920408248901
2022,2023,120.685,24.105,0.006478337661925782,0.7399888634681702
2022,2023,120.685,24.115,0.004823963087727467,0.7359633445739746
2022,2023,120.685,24.125,0.004197427528373288,0.7806620597839355
2022,2023,120.685,24.135,0.0024551568659927866,0.7866440415382385
2022,2023,120.685,24.145,0.0014934594080359782,0.7661812901496887
2022,2023,120.685,24.155,0.001285968123585041,0.7672793865203857
2022,2023,120.685,24.165,0.0012551311569807158,0.7503167390823364
2022,2023,120.685,24.175,0.0016057473956078202,0.7998495697975159
2022,2023,120.685,24.185,0.0021910081474070886,0.7955783009529114
2022,2023,120.685,24.195,0.0036423906054044103,0.782714307308197
2022,2023,120.685,24.205,0.0047585164848674725,0.8165079355239868
2022,2023,120.695,24.085,0.007418331849208256,0.745155394077301
2022,2023,120.695,24.095,0.006563685449921843,0.7434483766555786
2022,2023,120.695,24.105,0.006247477668850076,0.7320830821990967
2022,2023,120.695,24.115,0.004532678945642111,0.728499174118042
2022,2023,120.695,24.125,0.004107410044309862,0.7525805234909058
2022,2023,120.695,24.135,0.00223624834955083,0.7629835605621338
2022,2023,120.695,24.145,0.0015733910074974269,0.7773906588554382
2022,2023,120.695,24.155,0.0013737015023616963,0.765824556350708
2022,2023,120.695,24.165,0.0013038213530025015,0.749768853187561
2022,2023,120.695,24.175,0.001854155465514468,0.7959194183349609
2022,2023,120.695,24.185,0.002560319021796097,0.7884625196456909
2022,2023,120.695,24.195,0.003986950037250884,0.7810488939285278
2022,2023,120.695,24.205,0.00476382912059975,0.798187255859375
2022,2023,120.705,24.085,0.006362741578605587,0.7632646560668945
2022,2023,120.705,24.095,0.0053632796658119345,0.740025520324707
2022,2023,120.705,24.105,0.005508071239905106,0.7286660671234131
2022,2023,120.705,24.115,0.00478045983798385,0.7445361614227295
2022,2023,120.705,24.125,0.004714223671106112,0.7313397526741028
2022,2023,120.705,24.135,0.002815730356748369,0.7759073972702026
2022,2023,120.705,24.145,0.0020390114122896875,0.7730486392974854
2022,2023,120.705,24.155,0.001553314205450995,0.78374844789505
2022,2023,120.705,24.165,0.0015592805590743915,0.777241051197052
2022,2023,120.705,24.175,0.0030270582445809267,0.7815017700195312
2022,2023,120.705,24.185,0.004396236873401622,0.771425724029541
2022,2023,120.705,24.195,0.005898610151702537,0.7826496958732605
2022,2023,120.705,24.205,0.006132532814943895,0.7925862073898315
2022,2023,120.715,24.085,0.011700128274635166,0.726676344871521
2022,2023,120.715,24.095,0.010796948591008411,0.7316767573356628
2022,2023,120.715,24.105,0.011303086045032778,0.7299847602844238
2022,2023,120.715,24.115,0.006465593034173648,0.7444716691970825
2022,2023,120.715,24.125,0.006363299824986715,0.7095301747322083
2022,2023,120.715,24.135,0.004599849374194462,0.7746843695640564
2022,2023,120.715,24.145,0.003760221043961513,0.7890902161598206
2022,2023,120.715,24.155,0.0034768178515733024,0.8005379438400269
2022,2023,120.715,24.165,0.0034232303049082993,0.7773416042327881
2022,2023,120.715,24.175,0.005074185853138955,0.7788493633270264
2022,2023,120.715,24.185,0.0062042643299764924,0.7712631821632385
2022,2023,120.715,24.195,0.007187112561239912,0.7610309720039368
2022,2023,120.715,24.205,0.00691850174994351,0.7700855731964111
2022,2023,120.725,24.085,0.01278662106860955,0.7552244663238525
2022,2023,120.725,24.095,0.015706418397276614,0.739210844039917
2022,2023,120.725,24.105,0.016667633158730648,0.7357226610183716
2022,2023,120.725,24.115,0.012516788158098834,0.7452452182769775
2022,2023,120.725,24.125,0.007829301951457472,0.7248669266700745
2022,2023,120.725,24.135,0.006181280077261572,0.7418498992919922
2022,2023,120.725,24.145,0.005862302879331249,0.7429584264755249
2022,2023,120.725,24.155,0.005541379444882574,0.7638022303581238
2022,2023,120.725,24.165,0.00544547345373662,0.751690149307251
2022,2023,120.725,24.175,0.006806119977711441,0.7881290316581726
2022,2023,120.725,24.185,0.007840073084575202,0.7729790806770325
2022,2023,120.725,24.195,0.00880112241174537,0.7515273094177246
2022,2023,120.725,24.205,0.008473181141820411,0.7448528409004211
2022,2023,120.735,24.085,0.01610691050074907,0.7356855869293213
2022,2023,120.735,24.095,0.017481302772905202,0.7536412477493286
2022,2023,120.735,24.105,0.016970617477125968,0.7540581226348877
2022,2023,120.735,24.115,0.01818784705764188,0.7356905937194824
2022,2023,120.735,24.125,0.01602254436463387,0.7006819248199463
2022,2023,120.735,24.135,0.018015832851382727,0.7220849990844727
2022,2023,120.735,24.145,0.01145835315055967,0.7423799633979797
2022,2023,120.735,24.155,0.008704091848075926,0.7382370233535767
2022,2023,120.735,24.165,0.006913535641340678,0.744550883769989
2022,2023,120.735,24.175,0.008457756223365174,0.7540692090988159
2022,2023,120.735,24.185,0.009760531641287136,0.7203913927078247
2022,2023,120.735,24.195,0.01060333087269966,0.7036359310150146
2022,2023,120.735,24.205,0.010240157732173178,0.6933493614196777
2022,2023,120.745,24.085,0.020734065844336593,0.7591608166694641
2022,2023,120.745,24.095,0.02311005597254878,0.7699152827262878
2022,2023,120.745,24.105,0.022056181772000256,0.7642285823822021
2022,2023,120.745,24.115,0.020422418324081686,0.755646288394928
2022,2023,120.745,24.125,0.019641860952830742,0.7369503378868103
2022,2023,120.745,24.135,0.026351005580799867,0.7462536096572876
2022,2023,120.745,24.145,0.020003421010022934,0.7375971674919128
2022,2023,120.745,24.155,0.014357162551196236,0.7284325361251831
2022,2023,120.745,24.165,0.008478708284263215,0.7144272327423096
2022,2023,120.745,24.175,0.009936472732074438,0.7116954326629639
2022,2023,120.745,24.185,0.010968378007511083,0.7054280042648315
2022,2023,120.745,24.195,0.012121181792350035,0.6726475358009338
2022,2023,120.745,24.205,0.01180502795833529,0.7006269693374634
2022,2023,120.755,24.085,0.021817949983951725,0.761709451675415
2022,2023,120.755,24.095,0.024263229291199163,0.7867688536643982
2022,2023,120.755,24.105,0.023416421698383802,0.7694469690322876
2022,2023,120.755,24.115,0.02240525181299762,0.7745517492294312
2022,2023,120.755,24.125,0.0217554664884963,0.7605612874031067
2022,2023,120.755,24.135,0.028506337482547384,0.7395362854003906
2022,2023,120.755,24.145,0.021810388292010405,0.7252229452133179
2022,2023,120.755,24.155,0.016473051437030355,0.6771594285964966
2022,2023,120.755,24.165,0.010733032222387431,0.6256747245788574
2022,2023,120.755,24.175,0.012521238876270744,0.6653035879135132
2022,2023,120.755,24.185,0.015240262349523206,0.6399391293525696
2022,2023,120.755,24.195,0.01647486578155158,0.6187825798988342
2022,2023,120.755,24.205,0.014998389275937002,0.6611224412918091
2023,2024,120.615,24.085,0.5722430162441214,0.24786829948425293
2023,2024,120.615,24.095,0.5364783974166192,0.21233296394348145
2023,2024,120.615,24.105,0.5208206302414456,0.13135278224945068
2023,2024,120.615,24.115,0.5491768725968822,0.13613933324813843
2023,2024,120.615,24.125,0.5786604805005907,0.1265641450881958
2023,2024,120.615,24.135,0.5873632676025716,0.0849987268447876
2023,2024,120.615,24.145,0.5681180566575345,0.05427449941635132
2023,2024,120.615,24.155,0.5565673921662159,0.047663986682891846
2023,2024,120.615,24.165,0.538122564911668,0.05606210231781006
2023,2024,120.615,24.175,0.5106128009005426,0.039601802825927734
2023,2024,120.615,24.185,0.5102736253052411,0.05697917938232422
2023,2024,120.615,24.195,0.5301525106467553,0.10772013664245605
2023,2024,120.615,24.205,0.5381141034737321,0.20102077722549438
2023,2024,120.625,24.085,0.5689102364003126,0.21027743816375732
2023,2024,120.625,24.095,0.5325597511948533,0.19854682683944702
2023,2024,120.625,24.105,0.5066240390608769,0.16839027404785156
2023,2024,120.625,24.115,0.5239784093245231,0.18299269676208496
2023,2024,120.625,24.125,0.5476364855301749,0.1725957989692688
2023,2024,120.625,24.135,0.5480462650147679,0.06848835945129395
2023,2024,120.625,24.145,0.5343384403352417,0.03359740972518921
2023,2024,120.625,24.155,0.5287108350428658,0.020994186401367188
2023,2024,120.625,24.165,0.5252932318882684,0.0384678840637207
2023,2024,120.625,24.175,0.5103071923117971,0.027073442935943604
2023,2024,120.625,24.185,0.5171556869749767,0.05871504545211792
2023,2024,120.625,24.195,0.5200849346352223,0.10143017768859863
2023,2024,120.625,24.205,0.5233885771348067,0.1533300280570984
2023,2024,120.635,24.085,0.5752626448653282,0.20455771684646606
2023,2024,120.635,24.095,0.5277153733564833,0.16824674606323242
2023,2024,120.635,24.105,0.49817834893346324,0.12778371572494507
2023,2024,120.635,24.115,0.5032606129192496,0.10807228088378906
2023,2024,120.635,24.125,0.5170407482530237,0.11435741186141968
2023,2024,120.635,24.135,0.5123884627105307,0.05603587627410889
2023,2024,120.635,24.145,0.49982299294017113,0.026496827602386475
2023,2024,120.635,24.155,0.49245084592302346,0.017655134201049805
2023,2024,120.635,24.165,0.49108747075773873,0.02618616819381714
2023,2024,120.635,24.175,0.4917308322183807,0.03585970401763916
2023,2024,120.635,24.185,0.5057385084220624,0.05068802833557129
2023,2024,120.635,24.195,0.5063811083828827,0.07138723134994507
2023,2024,120.635,24.205,0.5126492175903385,0.14510518312454224
2023,2024,120.645,24.085,0.5690733279723598,0.14478886127471924
2023,2024,120.645,24.095,0.5158932648959189,0.13298362493515015
2023,2024,120.645,24.105,0.48755498463046065,0.1072046160697937
2023,2024,120.645,24.115,0.4922255854058046,0.0865442156791687
2023,2024,120.645,24.125,0.5016403609540669,0.11462873220443726
2023,2024,120.645,24.135,0.4934672923709654,0.07475781440734863
2023,2024,120.645,24.145,0.48039923840012866,0.022815823554992676
2023,2024,120.645,24.155,0.47446542278068055,0.02018117904663086
2023,2024,120.645,24.165,0.4703840279249659,0.02444589138031006
2023,2024,120.645,24.175,0.47018571598651904,0.021022498607635498
2023,2024,120.645,24.185,0.48613777494563754,0.06575387716293335
2023,2024,120.645,24.195,0.4956256181645732,0.08500856161117554
2023,2024,120.645,24.205,0.4996098461251472,0.08980298042297363
2023,2024,120.655,24.085,0.5658750149581063,0.1392991542816162
2023,2024,120.655,24.095,0.5130175221471576,0.14039123058319092
2023,2024,120.655,24.105,0.4820526475402348,0.12821775674819946
2023,2024,120.655,24.115,0.4726606344956302,0.09478765726089478
2023,2024,120.655,24.125,0.4731775103809054,0.11006206274032593
2023,2024,120.655,24.135,0.4611849395009626,0.08358699083328247
2023,2024,120.655,24.145,0.451874583364855,0.0236700177192688
2023,2024,120.655,24.155,0.4476976769892059,0.014397799968719482
2023,2024,120.655,24.165,0.45363937514114205,0.0195578932762146
2023,2024,120.655,24.175,0.4628177220570485,0.04497325420379639
2023,2024,120.655,24.185,0.4800022072968096,0.05044037103652954
2023,2024,120.655,24.195,0.4774999285884197,0.12510061264038086
2023,2024,120.655,24.205,0.4821548116174182,0.12972640991210938
2023,2024,120.665,24.085,0.5707834604199542,0.040537118911743164
2023,2024,120.665,24.095,0.5295287111229874,0.04764735698699951
2023,2024,120.665,24.105,0.4936446678780639,0.07425105571746826
2023,2024,120.665,24.115,0.47247803557209794,0.07087373733520508
2023,2024,120.665,24.125,0.4630758675030028,0.05986529588699341
2023,2024,120.665,24.135,0.44898002458565267,0.03959321975708008
2023,2024,120.665,24.145,0.4427328520503664,0.02690756320953369
2023,2024,120.665,24.155,0.431941481507819,0.01646566390991211
2023,2024,120.665,24.165,0.4277636082053966,0.021350085735321045
2023,2024,120.665,24.175,0.4378531176093742,0.029203176498413086
2023,2024,120.665,24.185,0.46316786762324524,0.08181107044219971
2023,2024,120.665,24.195,0.4731000680317511,0.211350679397583
2023,2024,120.665,24.205,0.4799860591383637,0.25236380100250244
2023,2024,120.675,24.085,0.5555657167406626,0.05781519412994385
2023,2024,120.675,24.095,0.5170602891204774,0.05092507600784302
2023,2024,120.675,24.105,0.4923735954703352,0.03186476230621338
2023,2024,120.675,24.115,0.4794414076365996,0.04279768466949463
2023,2024,120.675,24.125,0.4715303044605833,0.06100279092788696
2023,2024,120.675,24.135,0.45344149861966726,0.034222543239593506
2023,2024,120.675,24.145,0.4430960892938645,0.01866936683654785
2023,2024,120.675,24.155,0.42607878130319854,0.021605372428894043
2023,2024,120.675,24.165,0.42187370808684216,0.015139758586883545
2023,2024,120.675,24.175,0.4323898393057349,0.035362422466278076
2023,2024,120.675,24.185,0.4558488767596954,0.06844735145568848
2023,2024,120.675,24.195,0.46894493161325085,0.18989235162734985
2023,2024,120.675,24.205,0.4766422530028276,0.2749292850494385
2023,2024,120.685,24.085,0.5330640779171854,0.05153536796569824
2023,2024,120.685,24.095,0.5001131292431734,0.03335857391357422
2023,2024,120.685,24.105,0.4880483831309921,0.02975177764892578
2023,2024,120.685,24.115,0.4735834691273466,0.019752144813537598
2023,2024,120.685,24.125,0.4650505389256024,0.018615424633026123
2023,2024,120.685,24.135,0.44592910492200655,0.027815282344818115
2023,2024,120.685,24.145,0.4409006556650817,0.024099111557006836
2023,2024,120.685,24.155,0.42669397122379504,0.01811516284942627
2023,2024,120.685,24.165,0.424938832930577,0.015470623970031738
2023,2024,120.685,24.175,0.4373002827219194,0.016222655773162842
2023,2024,120.685,24.185,0.4606566665081764,0.04581362009048462
2023,2024,120.685,24.195,0.4727420663657675,0.19191974401474
2023,2024,120.685,24.205,0.48048785843111186,0.24420851469039917
2023,2024,120.695,24.085,0.5260959402459219,0.05563533306121826
2023,2024,120.695,24.095,0.4916550844539269,0.03722095489501953
2023,2024,120.695,24.105,0.4836353723447815,0.028775811195373535
2023,2024,120.695,24.115,0.4682141482946085,0.018485546112060547
2023,2024,120.695,24.125,0.4605626050949827,0.014674186706542969
2023,2024,120.695,24.135,0.44339909230185837,0.04797184467315674
2023,2024,120.695,24.145,0.4399144445566183,0.04751443862915039
2023,2024,120.695,24.155,0.43389086923618503,0.03706371784210205
2023,2024,120.695,24.165,0.42991213510919346,0.020540475845336914
2023,2024,120.695,24.175,0.4468776725302388,0.025965988636016846
2023,2024,120.695,24.185,0.47344681173619146,0.034622907638549805
2023,2024,120.695,24.195,0.48669645558633967,0.13288623094558716
2023,2024,120.695,24.205,0.49257326857031764,0.18023502826690674
2023,2024,120.705,24.085,0.5352293008274448,0.04413342475891113
2023,2024,120.705,24.095,0.49575010218333093,0.03122943639755249
2023,2024,120.705,24.105,0.4864838829607487,0.032035768032073975
2023,2024,120.705,24.115,0.4753809923039667,0.021650612354278564
2023,2024,120.705,24.125,0.4770160306710744,0.02707773447036743
2023,2024,120.705,24.135,0.46113087234636335,0.07692569494247437
2023,2024,120.705,24.145,0.45271743277856613,0.04021865129470825
2023,2024,120.705,24.155,0.4423622443871463,0.03682518005371094
2023,2024,120.705,24.165,0.4420145765395844,0.023682892322540283
2023,2024,120.705,24.175,0.4827401073159707,0.03138357400894165
2023,2024,120.705,24.185,0.5209294985073226,0.04060804843902588
2023,2024,120.705,24.195,0.5436806442784569,0.10981404781341553
2023,2024,120.705,24.205,0.5374614331687257,0.11546671390533447
2023,2024,120.715,24.085,0.5556601390909777,0.0642438530921936
2023,2024,120.715,24.095,0.5292291209290563,0.02800905704498291
2023,2024,120.715,24.105,0.5297481298039988,0.03266185522079468
2023,2024,120.715,24.115,0.5266621033759031,0.04278302192687988
2023,2024,120.715,24.125,0.5247834328816224,0.026850640773773193
2023,2024,120.715,24.135,0.5135899180897928,0.07700538635253906
2023,2024,120.715,24.145,0.50071573561271,0.030124962329864502
2023,2024,120.715,24.155,0.4931586814624381,0.0455508828163147
2023,2024,120.715,24.165,0.48796701088981015,0.044329941272735596
2023,2024,120.715,24.175,0.5336979270107673,0.045730531215667725
2023,2024,120.715,24.185,0.5737269487133051,0.017102301120758057
2023,2024,120.715,24.195,0.6094840582370583,0.03300982713699341
2023,2024,120.715,24.205,0.6073279763378165,0.039231181144714355
2023,2024,120.725,24.085,0.5369483424009992,0.07143229246139526
2023,2024,120.725,24.095,0.5245290852822674,0.03749340772628784
2023,2024,120.725,24.105,0.5592532901679858,0.05244415998458862
2023,2024,120.725,24.115,0.566871481374064,0.041734397411346436
2023,2024,120.725,24.125,0.5802859977712627,0.036431729793548584
2023,2024,120.725,24.135,0.5720779453383434,0.06115555763244629
2023,2024,120.725,24.145,0.5687183774381792,0.03726387023925781
2023,2024,120.725,24.155,0.5579345869936913,0.047541797161102295
2023,2024,120.725,24.165,0.5507108193766749,0.035497307777404785
2023,2024,120.725,24.175,0.5878429609479887,0.033677637577056885
2023,2024,120.725,24.185,0.6203175684005312,0.029079914093017578
2023,2024,120.725,24.195,0.6554095290310148,0.017660796642303467
2023,2024,120.725,24.205,0.6562922932311792,0.020864486694335938
2023,2024,120.735,24.085,0.5804604031120715,0.13965535163879395
2023,2024,120.735,24.095,0.5605487832921776,0.1587870717048645
2023,2024,120.735,24.105,0.5874514110911528,0.14069628715515137
2023,2024,120.735,24.115,0.5739839548501947,0.08058035373687744
2023,2024,120.735,24.125,0.6020791044374032,0.04000800848007202
2023,2024,120.735,24.135,0.6076965399907656,0.029978692531585693
2023,2024,120.735,24.145,0.6204992755840125,0.043851375579833984
2023,2024,120.735,24.155,0.6074013913704441,0.06994730234146118
2023,2024,120.735,24.165,0.6011395399156989,0.062118470668792725
2023,2024,120.735,24.175,0.6422444358652619,0.04266482591629028
2023,2024,120.735,24.185,0.6772798902866931,0.021020114421844482
2023,2024,120.735,24.195,0.708970151916854,0.020840823650360107
2023,2024,120.735,24.205,0.709832560339348,0.02365952730178833
2023,2024,120.745,24.085,0.6061445174577121,0.21425467729568481
2023,2024,120.745,24.095,0.5934110252636086,0.18726080656051636
2023,2024,120.745,24.105,0.6175973656760975,0.16252529621124268
2023,2024,120.745,24.115,0.615265817153429,0.15012210607528687
2023,2024,120.745,24.125,0.6329371722807171,0.09465992450714111
2023,2024,120.745,24.135,0.62780963159817,0.18734246492385864
2023,2024,120.745,24.145,0.6481401379751819,0.15410172939300537
2023,2024,120.745,24.155,0.6541374981841543,0.10643190145492554
2023,2024,120.745,24.165,0.654864467962783,0.11344540119171143
2023,2024,120.745,24.175,0.6925572645433644,0.04674375057220459
2023,2024,120.745,24.185,0.7201651877237908,0.04275554418563843
2023,2024,120.745,24.195,0.7523542696690237,0.024875342845916748
2023,2024,120.745,24.205,0.7499841589122224,0.038685500621795654
2023,2024,120.755,24.085,0.6426995006042727,0.3019068241119385
2023,2024,120.755,24.095,0.6318880367108506,0.2807261347770691
2023,2024,120.755,24.105,0.6618787039612798,0.21317875385284424
2023,2024,120.755,24.115,0.6714928524388004,0.17135852575302124
2023,2024,120.755,24.125,0.6894254190244236,0.15838217735290527
2023,2024,120.755,24.135,0.6798295313689569,0.18019264936447144
2023,2024,120.755,24.145,0.7030523600973695,0.12009507417678833
2023,2024,120.755,24.155,0.7149161219443992,0.14613431692123413
2023,2024,120.755,24.165,0.7135340762324096,0.07877498865127563
2023,2024,120.755,24.175,0.7380276366549621,0.041243135929107666
2023,2024,120.755,24.185,0.751669590516429,0.03599041700363159
2023,2024,120.755,24.195,0.7809357601369561,0.04519641399383545
2023,2024,120.755,24.205,0.7724592971628712,0.03591656684875488
2024,2025,120.615,24.085,0.7240416377207678,0.06619459390640259
2024,2025,120.615,24.095,0.7059232054886839,0.040067195892333984
2024,2025,120.615,24.105,0.6848442721236994,0.052417218685150146
2024,2025,120.615,24.115,0.6946706983623533,0.07944881916046143
2024,2025,120.615,24.125,0.7133429121115759,0.06454205513000488
2024,2025,120.615,24.135,0.7278017965905516,0.03169667720794678
2024,2025,120.615,24.145,0.7179235558592569,0.0438992977142334
2024,2025,120.615,24.155,0.716439392535166,0.026882827281951904
2024,2025,120.615,24.165,0.7076228824263171,0.025987684726715088
2024,2025,120.615,24.175,0.6870837372235079,0.02611243724822998
2024,2025,120.615,24.185,0.6937218755646731,0.0436055064201355
2024,2025,120.615,24.195,0.727024341425408,0.03725332021713257
2024,2025,120.615,24.205,0.7568592390448552,0.05482608079910278
2024,2025,120.625,24.085,0.700988743683363,0.062084197998046875
2024,2025,120.625,24.095,0.6914588457082241,0.03049856424331665
2024,2025,120.625,24.105,0.6677880357027131,0.0594596266746521
2024,2025,120.625,24.115,0.670048968040755,0.06692236661911011
2024,2025,120.625,24.125,0.6849699894308868,0.042511582374572754
2024,2025,120.625,24.135,0.6932123091227462,0.027769863605499268
2024,2025,120.625,24.145,0.6800506269802773,0.036677777767181396
2024,2025,120.625,24.155,0.6781180134521948,0.0325697660446167
2024,2025,120.625,24.165,0.6788116962769569,0.04414474964141846
2024,2025,120.625,24.175,0.6780935547336215,0.029245615005493164
2024,2025,120.625,24.185,0.6933535407211369,0.03251093626022339
2024,2025,120.625,24.195,0.7167583866603211,0.02679920196533203
2024,2025,120.625,24.205,0.725671458254503,0.04594701528549194
2024,2025,120.635,24.085,0.6833919717170628,0.07676845788955688
2024,2025,120.635,24.095,0.6757510323552982,0.04868096113204956
2024,2025,120.635,24.105,0.6487209547067829,0.06647783517837524
2024,2025,120.635,24.115,0.6473385913632714,0.06484514474868774
2024,2025,120.635,24.125,0.6568249823178772,0.027864158153533936
2024,2025,120.635,24.135,0.6636957253228176,0.04937928915023804
2024,2025,120.635,24.145,0.6470022812365098,0.024356067180633545
2024,2025,120.635,24.155,0.6432650782775032,0.023787498474121094
2024,2025,120.635,24.165,0.6419009400124399,0.02506542205810547
2024,2025,120.635,24.175,0.6523232975516604,0.03904926776885986
2024,2025,120.635,24.185,0.665609609670539,0.04995638132095337
2024,2025,120.635,24.195,0.6900097838844464,0.023465991020202637
2024,2025,120.635,24.205,0.697345592347712,0.039356887340545654
2024,2025,120.645,24.085,0.6625694312541379,0.06035423278808594
2024,2025,120.645,24.095,0.6629025078467817,0.04102969169616699
2024,2025,120.645,24.105,0.6399866297535713,0.04370993375778198
2024,2025,120.645,24.115,0.6431550996096703,0.04333263635635376
2024,2025,120.645,24.125,0.6389854155155547,0.028273165225982666
2024,2025,120.645,24.135,0.6380422463879458,0.038759827613830566
2024,2025,120.645,24.145,0.6136184567537466,0.04432410001754761
2024,2025,120.645,24.155,0.6079956750954644,0.028640806674957275
2024,2025,120.645,24.165,0.6010437371173254,0.07102882862091064
2024,2025,120.645,24.175,0.6164228851140253,0.08677506446838379
2024,2025,120.645,24.185,0.639000314876976,0.08931231498718262
2024,2025,120.645,24.195,0.6637751604552434,0.031993746757507324
2024,2025,120.645,24.205,0.6690439393727634,0.035211145877838135
2024,2025,120.655,24.085,0.6435982232456581,0.08589816093444824
2024,2025,120.655,24.095,0.6436525157998343,0.08987408876419067
2024,2025,120.655,24.105,0.6248908634129777,0.09105885028839111
2024,2025,120.655,24.115,0.6288497644029166,0.049535930156707764
2024,2025,120.655,24.125,0.6146610344360273,0.09450441598892212
2024,2025,120.655,24.135,0.6011581706295137,0.16729223728179932
2024,2025,120.655,24.145,0.569648629450156,0.11649388074874878
2024,2025,120.655,24.155,0.5628910577722966,0.22249650955200195
2024,2025,120.655,24.165,0.570458726252789,0.1875075101852417
2024,2025,120.655,24.175,0.5964558164673855,0.21034914255142212
2024,2025,120.655,24.185,0.6266614039006033,0.09216725826263428
2024,2025,120.655,24.195,0.6465691238718725,0.0689460039138794
2024,2025,120.655,24.205,0.6524383124884617,0.12294983863830566
2024,2025,120.665,24.085,0.6352641548558136,0.05951547622680664
2024,2025,120.665,24.095,0.6348589092909781,0.0820358395576477
2024,2025,120.665,24.105,0.6190548708969335,0.07333672046661377
2024,2025,120.665,24.115,0.6239938812171038,0.039976418018341064
2024,2025,120.665,24.125,0.6097708423678952,0.13407856225967407
2024,2025,120.665,24.135,0.5892855799379613,0.18684697151184082
2024,2025,120.665,24.145,0.557563733773822,0.19003808498382568
2024,2025,120.665,24.155,0.5420660411880915,0.2792792320251465
2024,2025,120.665,24.165,0.5463656790441385,0.23271918296813965
2024,2025,120.665,24.175,0.5672596190497059,0.20837199687957764
2024,2025,120.665,24.185,0.6043757977234973,0.10011005401611328
2024,2025,120.665,24.195,0.6322138007174202,0.09706193208694458
2024,2025,120.665,24.205,0.6413162701094522,0.12364482879638672
2024,2025,120.675,24.085,0.6213952049077593,0.12802571058273315
2024,2025,120.675,24.095,0.6184395177115779,0.07611876726150513
2024,2025,120.675,24.105,0.6137020117234002,0.06132453680038452
2024,2025,120.675,24.115,0.619547020700615,0.03822129964828491
2024,2025,120.675,24.125,0.6114479676630478,0.13131237030029297
2024,2025,120.675,24.135,0.5879335314244161,0.2364814281463623
2024,2025,120.675,24.145,0.5593388586581786,0.26207977533340454
2024,2025,120.675,24.155,0.5409499090293298,0.3145490884780884
2024,2025,120.675,24.165,0.5443416776884364,0.25066471099853516
2024,2025,120.675,24.175,0.5631873854925316,0.26171839237213135
2024,2025,120.675,24.185,0.5951346024664818,0.16248005628585815
2024,2025,120.675,24.195,0.6209492633127998,0.07657170295715332
2024,2025,120.675,24.205,0.6324117959822881,0.09055393934249878
2024,2025,120.685,24.085,0.6153568812647532,0.1260925531387329
2024,2025,120.685,24.095,0.6059730578438473,0.11269265413284302
2024,2025,120.685,24.105,0.6101956335771315,0.05640047788619995
2024,2025,120.685,24.115,0.6193255970223216,0.031128764152526855
2024,2025,120.685,24.125,0.6154914011730686,0.12086433172225952
2024,2025,120.685,24.135,0.5870860446548879,0.2673882246017456
2024,2025,120.685,24.145,0.5589943610888696,0.22891849279403687
2024,2025,120.685,24.155,0.5392885908602534,0.30699223279953003
2024,2025,120.685,24.165,0.5451101729937854,0.25630778074264526
2024,2025,120.685,24.175,0.563439880641983,0.26814478635787964
2024,2025,120.685,24.185,0.5965508917991922,0.1468934416770935
2024,2025,120.685,24.195,0.6196100471884235,0.0944567322731018
2024,2025,120.685,24.205,0.6324863912203605,0.0521925687789917
2024,2025,120.695,24.085,0.6335739350809848,0.06890416145324707
2024,2025,120.695,24.095,0.6147723696299336,0.08413553237915039
2024,2025,120.695,24.105,0.6168555773436327,0.0577351450920105
2024,2025,120.695,24.115,0.6185218979415035,0.031378746032714844
2024,2025,120.695,24.125,0.6110505180971348,0.07910865545272827
2024,2025,120.695,24.135,0.5864081070584873,0.19941741228103638
2024,2025,120.695,24.145,0.5618762928784361,0.2120506763458252
2024,2025,120.695,24.155,0.5465573071543162,0.3346515893936157
2024,2025,120.695,24.165,0.5490637772393604,0.26809626817703247
2024,2025,120.695,24.175,0.5664461794759572,0.225616455078125
2024,2025,120.695,24.185,0.6035158099197773,0.16222023963928223
2024,2025,120.695,24.195,0.6289519619866039,0.07846379280090332
2024,2025,120.695,24.205,0.6417372644931223,0.06303203105926514
2024,2025,120.705,24.085,0.6618298885281108,0.03459662199020386
2024,2025,120.705,24.095,0.6280550139757676,0.05945509672164917
2024,2025,120.705,24.105,0.6240773627361639,0.04924112558364868
2024,2025,120.705,24.115,0.62512783405959,0.019824326038360596
2024,2025,120.705,24.125,0.6282756494967836,0.06178838014602661
2024,2025,120.705,24.135,0.5999992488923069,0.13504385948181152
2024,2025,120.705,24.145,0.5793226644782599,0.14123862981796265
2024,2025,120.705,24.155,0.5641210866937518,0.20753198862075806
2024,2025,120.705,24.165,0.5700132806270843,0.2161703109741211
2024,2025,120.705,24.175,0.5911274837024603,0.09551757574081421
2024,2025,120.705,24.185,0.6329353880934067,0.13723206520080566
2024,2025,120.705,24.195,0.6716253350544686,0.062322378158569336
2024,2025,120.705,24.205,0.6805406531203686,0.029941022396087646
2024,2025,120.715,24.085,0.7030354066339658,0.04691159725189209
2024,2025,120.715,24.095,0.6713879912453337,0.05151009559631348
2024,2025,120.715,24.105,0.6664174649966024,0.04255998134613037
2024,2025,120.715,24.115,0.6648176776724019,0.030298054218292236
2024,2025,120.715,24.125,0.6720913813096335,0.018714487552642822
2024,2025,120.715,24.135,0.643401135466126,0.0391879677772522
2024,2025,120.715,24.145,0.6288611026527319,0.08383238315582275
2024,2025,120.715,24.155,0.6140955822239784,0.08167362213134766
2024,2025,120.715,24.165,0.6194719593524689,0.08254086971282959
2024,2025,120.715,24.175,0.6380482243886522,0.13368314504623413
2024,2025,120.715,24.185,0.6738151896285778,0.13109064102172852
2024,2025,120.715,24.195,0.7141074473015252,0.03574800491333008
2024,2025,120.715,24.205,0.7223711308013014,0.02816992998123169
2024,2025,120.725,24.085,0.7399721019808355,0.04227101802825928
2024,2025,120.725,24.095,0.7128212077586187,0.03826826810836792
2024,2025,120.725,24.105,0.7124163702037551,0.04362893104553223
2024,2025,120.725,24.115,0.7059673190869709,0.03240078687667847
2024,2025,120.725,24.125,0.7124356635555473,0.020633161067962646
2024,2025,120.725,24.135,0.693901918313291,0.04890477657318115
2024,2025,120.725,24.145,0.6888797151949468,0.09427767992019653
2024,2025,120.725,24.155,0.6750693821398627,0.05068272352218628
2024,2025,120.725,24.165,0.6719744238992915,0.08009850978851318
2024,2025,120.725,24.175,0.6898202056428522,0.09829932451248169
2024,2025,120.725,24.185,0.7190086773066093,0.1296447515487671
2024,2025,120.725,24.195,0.7546741902519111,0.04033505916595459
2024,2025,120.725,24.205,0.7581974425644216,0.04783785343170166
2024,2025,120.735,24.085,0.7849321867841742,0.06774890422821045
2024,2025,120.735,24.095,0.7630126577910172,0.07954049110412598
2024,2025,120.735,24.105,0.7537168185965608,0.04990893602371216
2024,2025,120.735,24.115,0.7432404500540412,0.028670310974121094
2024,2025,120.735,24.125,0.7479929863793299,0.02943795919418335
2024,2025,120.735,24.135,0.7373229497279491,0.05482840538024902
2024,2025,120.735,24.145,0.7295105416572426,0.0641249418258667
2024,2025,120.735,24.155,0.7139957786325748,0.08446592092514038
2024,2025,120.735,24.165,0.7120349724926596,0.11505204439163208
2024,2025,120.735,24.175,0.7344260246450245,0.13686388731002808
2024,2025,120.735,24.185,0.7637827405965762,0.14759284257888794
2024,2025,120.735,24.195,0.7981870148285064,0.017046213150024414
2024,2025,120.735,24.205,0.7888699338361619,0.09115147590637207
2024,2025,120.745,24.085,0.8346887136123483,0.1201980710029602
2024,2025,120.745,24.095,0.8170455611568435,0.05373740196228027
2024,2025,120.745,24.105,0.8029680804357648,0.04386371374130249
2024,2025,120.745,24.115,0.7903884355595902,0.025873899459838867
2024,2025,120.745,24.125,0.7924760442765028,0.023933827877044678
2024,2025,120.745,24.135,0.7805639589657019,0.05185431241989136
2024,2025,120.745,24.145,0.7689629220315937,0.10661894083023071
2024,2025,120.745,24.155,0.7540959573997741,0.11625838279724121
2024,2025,120.745,24.165,0.7530405072627926,0.09895563125610352
2024,2025,120.745,24.175,0.7781419074787664,0.09876561164855957
2024,2025,120.745,24.185,0.7997047288986092,0.11548072099685669
2024,2025,120.745,24.195,0.8349271800250894,0.021960794925689697
2024,2025,120.745,24.205,0.8209830967902699,0.09992605447769165
2024,2025,120.755,24.085,0.8727795706284798,0.08387410640716553
2024,2025,120.755,24.095,0.859331154442951,0.042081594467163086
2024,2025,120.755,24.105,0.8496425987095233,0.023715436458587646
2024,2025,120.755,24.115,0.8418683705738225,0.020803511142730713
2024,2025,120.755,24.125,0.8473557671465102,0.03396892547607422
2024,2025,120.755,24.135,0.8317037586435111,0.03546017408370972
2024,2025,120.755,24.145,0.8201435476664578,0.1324264407157898
2024,2025,120.755,24.155,0.8035485312730012,0.11811119318008423
2024,2025,120.755,24.165,0.8025932777948476,0.07919001579284668
2024,2025,120.755,24.175,0.8199593642028892,0.08039838075637817
2024,2025,120.755,24.185,0.8324413616288023,0.0804208517074585
2024,2025,120.755,24.195,0.8635147046734745,0.028369903564453125
2024,2025,120.755,24.205,0.8438100684094748,0.08905208110809326
