year,lon,lat,building_count,building_area_mean,amenity_count,shop_count,leisure_count,poi_diversity,road_length_total
2018,120.615,24.085,0,0.0,0,0,0,0.0,0.0
2018,120.615,24.095,2,3433.8623857634457,0,0,0,0.0,0.0
2018,120.615,24.105,1,10099.17169478783,0,0,0,0.0,0.0
2018,120.615,24.115,6,14207.044053532996,0,0,0,0.0,0.0
2018,120.615,24.125,9,473.9863445820931,0,0,0,0.0,0.0
2018,120.615,24.135,8,489.5387250552328,5,0,0,-0.0,0.0
2018,120.615,24.145,11,569.5891549012335,0,0,0,0.0,0.0
2018,120.615,24.155,0,0.0,0,0,0,0.0,0.0
2018,120.615,24.165,2,229.29036052916513,2,0,0,-0.0,0.0
2018,120.615,24.175,17,930.9984648830329,1,1,0,1.0,0.0
2018,120.615,24.185,75,958.6913469012945,19,15,0,0.9899927915575186,0.0
2018,120.615,24.195,28,656.8591565953308,0,0,0,0.0,0.0
2018,120.615,24.205,3,48398.072739545074,0,0,0,0.0,0.0
2018,120.625,24.085,0,0.0,0,0,0,0.0,0.0
2018,120.625,24.095,23,967.9737221684242,0,0,0,0.0,0.0
2018,120.625,24.105,5,513.7545461260872,3,1,0,0.8112781244591328,0.0
2018,120.625,24.115,23,149.45929722062388,1,0,0,-0.0,0.0
2018,120.625,24.125,21,321.36882066073895,0,0,0,0.0,0.0
2018,120.625,24.135,129,178.90375648946426,0,0,0,0.0,0.0
2018,120.625,24.145,10,1582.716105968931,2,1,0,0.9182958340544896,0.0
2018,120.625,24.155,1,833.6767944519432,1,0,0,-0.0,0.0
2018,120.625,24.165,1,298.14139522924665,1,0,0,-0.0,0.0
2018,120.625,24.175,5,1454.974647506919,2,1,0,0.9182958340544896,0.0
2018,120.625,24.185,16,579.28924950114,6,4,1,1.3221793455166666,0.0
2018,120.625,24.195,1,754.5650642364956,1,0,0,-0.0,0.0
2018,120.625,24.205,0,0.0,0,0,0,0.0,0.0
2018,120.635,24.085,0,0.0,0,0,0,0.0,0.0
2018,120.635,24.095,0,0.0,0,0,0,0.0,0.0
2018,120.635,24.105,3,848.7392401593771,0,0,0,0.0,0.0
2018,120.635,24.115,31,310.9130046826721,0,0,0,0.0,0.0
2018,120.635,24.125,18,152.96366596179945,0,0,0,0.0,0.0
2018,120.635,24.135,11,740.9422502687837,1,0,0,-0.0,0.0
2018,120.635,24.145,11,469.27070804305896,0,3,0,-0.0,0.0
2018,120.635,24.155,42,1141.430057868024,6,2,0,0.8112781244591328,0.0
2018,120.635,24.165,30,1485.177083564654,6,6,1,1.3143204867061788,0.0
2018,120.635,24.175,37,987.7151389468734,7,2,0,0.7642045065086203,0.0
2018,120.635,24.185,19,713.6774285452207,3,1,0,0.8112781244591328,0.0
2018,120.635,24.195,0,0.0,0,0,0,0.0,0.0
2018,120.635,24.205,0,0.0,0,0,0,0.0,0.0
2018,120.645,24.085,19,119.44955725314885,0,0,0,0.0,0.0
2018,120.645,24.095,15,458.63984606974316,0,0,0,0.0,0.0
2018,120.645,24.105,0,0.0,0,0,0,0.0,0.0
2018,120.645,24.115,1,840.1249665113403,0,0,0,0.0,0.0
2018,120.645,24.125,2,721.6811094668193,0,0,0,0.0,0.0
2018,120.645,24.135,31,2102.208011993812,18,3,0,0.5916727785823275,0.0
2018,120.645,24.145,11,2760.4617108830166,5,2,1,1.2987949406953985,0.0
2018,120.645,24.155,38,1623.8334915843086,9,2,0,0.6840384356390417,0.0
2018,120.645,24.165,49,1806.5544410112461,7,5,0,0.9798687566511528,0.0
2018,120.645,24.175,120,867.4399394263925,13,5,1,1.1050139971135322,0.0
2018,120.645,24.185,61,1022.2583821706762,5,3,1,1.3516441151533922,0.0
2018,120.645,24.195,7,874.5739865187007,3,0,0,-0.0,0.0
2018,120.645,24.205,0,0.0,0,0,0,0.0,0.0
2018,120.655,24.085,48,821.5401453978847,0,0,0,0.0,0.0
2018,120.655,24.095,35,1427.3711064968074,0,0,0,0.0,0.0
2018,120.655,24.105,2,1185.7947680022048,0,0,0,0.0,0.0
2018,120.655,24.115,17,1530.5250232736444,3,2,0,0.9709505944546686,0.0
2018,120.655,24.125,14,1538.6104901671772,0,0,0,0.0,0.0
2018,120.655,24.135,6,1254.2745733790837,2,1,0,0.9182958340544896,0.0
2018,120.655,24.145,14,272.5029551431797,2,0,0,-0.0,0.0
2018,120.655,24.155,50,675.2764219390467,14,0,0,-0.0,0.0
2018,120.655,24.165,29,1033.8335609751937,8,5,0,0.9612366047228759,0.0
2018,120.655,24.175,6,489.3301522208207,0,4,0,-0.0,0.0
2018,120.655,24.185,0,0.0,0,0,0,0.0,0.0
2018,120.655,24.195,1,823.9921219683413,1,0,0,-0.0,0.0
2018,120.655,24.205,5,1862.0448953980813,1,1,0,1.0,0.0
2018,120.665,24.085,5,269.6362022320691,2,0,0,-0.0,0.0
2018,120.665,24.095,5,563.2711342335517,0,0,0,0.0,0.0
2018,120.665,24.105,12,566.2784766668963,0,0,0,0.0,0.0
2018,120.665,24.115,21,1304.6906471205184,3,0,0,-0.0,0.0
2018,120.665,24.125,13,1694.5054474674944,0,0,0,0.0,0.0
2018,120.665,24.135,8,925.4354309916487,1,2,0,0.9182958340544896,0.0
2018,120.665,24.145,29,1471.7520476873415,6,0,0,-0.0,0.0
2018,120.665,24.155,77,1119.1915376145055,7,4,0,0.9456603046006401,0.0
2018,120.665,24.165,7,273.96270006207,1,3,0,0.8112781244591328,0.0
2018,120.665,24.175,15,1007.0194212386835,5,2,0,0.863120568566631,0.0
2018,120.665,24.185,3,392.345092206325,3,0,0,-0.0,0.0
2018,120.665,24.195,1,1160.8056900468878,0,0,0,0.0,0.0
2018,120.665,24.205,5,1614.9116813476344,0,0,0,0.0,0.0
2018,120.675,24.085,56,431.06136953919383,0,0,0,0.0,0.0
2018,120.675,24.095,4,766.3846701728165,0,0,0,0.0,0.0
2018,120.675,24.105,45,777.9364873784587,1,0,0,-0.0,0.0
2018,120.675,24.115,103,624.0603795172877,3,8,3,1.41379956460568,0.0
2018,120.675,24.125,53,1491.8516619598536,5,1,0,0.6500224216483541,0.0
2018,120.675,24.135,34,1235.2415183169699,9,0,0,-0.0,0.0
2018,120.675,24.145,35,1105.4880856655361,8,1,0,0.5032583347756457,0.0
2018,120.675,24.155,15,1160.427267087921,6,0,0,-0.0,0.0
2018,120.675,24.165,11,2133.9635912557137,3,3,0,1.0,0.0
2018,120.675,24.175,34,1032.0411515118974,12,1,0,0.39124356362925566,0.0
2018,120.675,24.185,1,184.64004647432273,0,0,0,0.0,0.0
2018,120.675,24.195,11,1018.2174622785195,2,0,0,-0.0,0.0
2018,120.675,24.205,1,89.6242681954993,0,0,0,0.0,0.0
2018,120.685,24.085,167,163.06335929027875,0,0,0,0.0,0.0
2018,120.685,24.095,9,966.813930091102,2,1,0,0.9182958340544896,0.0
2018,120.685,24.105,61,1010.1439414257492,6,8,1,1.272905595320056,0.0
2018,120.685,24.115,100,355.0579160495614,2,1,0,0.9182958340544896,0.0
2018,120.685,24.125,27,784.8710181699995,1,0,1,1.0,0.0
2018,120.685,24.135,99,650.0459801688378,22,12,0,0.9366673818775626,0.0
2018,120.685,24.145,41,999.4648572497305,11,2,1,0.9463729359854419,0.0
2018,120.685,24.155,52,1303.9019473856822,13,4,0,0.7871265862012691,0.0
2018,120.685,24.165,23,674.3709088628101,10,5,1,1.198192411043098,0.0
2018,120.685,24.175,26,1385.6277834634448,4,2,0,0.9182958340544896,0.0
2018,120.685,24.185,13,1485.7377051334754,11,1,0,0.41381685030363374,0.0
2018,120.685,24.195,9,2808.0141835937707,5,0,0,-0.0,0.0
2018,120.685,24.205,0,0.0,0,0,0,0.0,0.0
2018,120.695,24.085,540,85.96931651793126,5,1,0,0.6500224216483541,0.0
2018,120.695,24.095,25,149.7263408565671,3,2,0,0.9709505944546686,0.0
2018,120.695,24.105,26,796.5682134432805,0,2,0,-0.0,0.0
2018,120.695,24.115,11,833.2765997626499,0,1,0,-0.0,0.0
2018,120.695,24.125,6,642.292931414727,0,0,0,0.0,0.0
2018,120.695,24.135,5,3812.8740112878077,2,0,0,-0.0,0.0
2018,120.695,24.145,56,613.2444718932786,3,1,0,0.8112781244591328,0.0
2018,120.695,24.155,160,263.6370780449706,4,2,0,0.9182958340544896,0.0
2018,120.695,24.165,31,954.324259834797,9,2,0,0.6840384356390417,0.0
2018,120.695,24.175,11,2671.441670782279,2,2,0,1.0,0.0
2018,120.695,24.185,3,767.0334949414105,1,1,0,1.0,0.0
2018,120.695,24.195,2,3773.2840102343457,0,0,0,0.0,0.0
2018,120.695,24.205,0,0.0,0,0,0,0.0,0.0
2018,120.705,24.085,175,136.44226520567398,2,1,0,0.9182958340544896,0.0
2018,120.705,24.095,19,813.6575373808662,2,1,0,0.9182958340544896,0.0
2018,120.705,24.105,26,344.8377595581948,0,0,0,0.0,0.0
2018,120.705,24.115,31,1453.926235713562,0,0,0,0.0,0.0
2018,120.705,24.125,0,0.0,0,0,0,0.0,0.0
2018,120.705,24.135,3,746.8184742212967,2,0,0,-0.0,0.0
2018,120.705,24.145,23,1143.0033842339467,6,1,1,1.061278124459133,0.0
2018,120.705,24.155,17,622.8511426294622,1,0,0,-0.0,0.0
2018,120.705,24.165,9,2606.4869782198625,1,0,0,-0.0,0.0
2018,120.705,24.175,4,3650.3547948650107,1,1,0,1.0,0.0
2018,120.705,24.185,5,2337.066160538027,0,0,0,0.0,0.0
2018,120.705,24.195,2,6103.681881891715,0,0,0,0.0,0.0
2018,120.705,24.205,2,996.2569921487071,1,0,0,-0.0,0.0
2018,120.715,24.085,0,0.0,0,0,0,0.0,0.0
2018,120.715,24.095,10,2563.6429916860297,2,0,1,0.9182958340544896,0.0
2018,120.715,24.105,1,5681.451242745647,1,0,0,-0.0,0.0
2018,120.715,24.115,19,1574.2096549446733,0,0,0,0.0,0.0
2018,120.715,24.125,15,1514.0778649116714,4,3,0,0.9852281360342515,0.0
2018,120.715,24.135,2,1793.82242868187,1,0,0,-0.0,0.0
2018,120.715,24.145,11,1762.2392114040174,6,1,0,0.5916727785823275,0.0
2018,120.715,24.155,7,1618.0361579967466,0,0,1,-0.0,0.0
2018,120.715,24.165,28,1180.3285295485152,0,1,0,-0.0,0.0
2018,120.715,24.175,53,526.7576332793908,2,1,1,1.5,0.0
2018,120.715,24.185,4,509.4712839161815,0,0,0,0.0,0.0
2018,120.715,24.195,2,1168.8178309071463,2,0,0,-0.0,0.0
2018,120.715,24.205,0,0.0,0,0,0,0.0,0.0
2018,120.725,24.085,0,0.0,0,0,0,0.0,0.0
2018,120.725,24.095,1,421.1232292740284,0,0,0,0.0,0.0
2018,120.725,24.105,5,2034.2516928030286,0,0,0,0.0,0.0
2018,120.725,24.115,2,3683.7682138027567,0,0,0,0.0,0.0
2018,120.725,24.125,1,9524.30037581884,0,1,0,-0.0,0.0
2018,120.725,24.135,1,319.82672215041725,0,1,0,-0.0,0.0
2018,120.725,24.145,12,2054.276713667469,0,0,0,0.0,0.0
2018,120.725,24.155,4,415.09843374090497,3,0,0,-0.0,0.0
2018,120.725,24.165,47,84.91565635286265,0,0,0,0.0,0.0
2018,120.725,24.175,74,460.5776695085531,12,4,0,0.8112781244591328,0.0
2018,120.725,24.185,1,65.37329323606363,1,0,0,-0.0,0.0
2018,120.725,24.195,2,12054.817508430151,0,0,0,0.0,0.0
2018,120.725,24.205,6,1293.523829623113,0,0,0,0.0,0.0
2018,120.735,24.085,12,0.0,0,0,0,0.0,0.0
2018,120.735,24.095,0,0.0,0,0,0,0.0,0.0
2018,120.735,24.105,0,0.0,0,0,0,0.0,0.0
2018,120.735,24.115,0,0.0,0,0,0,0.0,0.0
2018,120.735,24.125,1,84.84710920727822,0,0,0,0.0,0.0
2018,120.735,24.135,0,0.0,0,0,0,0.0,0.0
2018,120.735,24.145,17,1298.0234059496404,4,0,0,-0.0,0.0
2018,120.735,24.155,4,5749.890541124572,2,0,0,-0.0,0.0
2018,120.735,24.165,90,206.10020595577544,0,0,0,0.0,0.0
2018,120.735,24.175,17,1178.7493082675314,1,0,2,0.9182958340544896,0.0
2018,120.735,24.185,0,0.0,0,0,0,0.0,0.0
2018,120.735,24.195,0,0.0,0,0,0,0.0,0.0
2018,120.735,24.205,0,0.0,0,0,0,0.0,0.0
2018,120.745,24.085,0,0.0,0,0,0,0.0,0.0
2018,120.745,24.095,0,0.0,0,0,0,0.0,0.0
2018,120.745,24.105,0,0.0,0,0,0,0.0,0.0
2018,120.745,24.115,1,0.0,0,0,0,0.0,0.0
2018,120.745,24.125,0,0.0,0,0,0,0.0,0.0
2018,120.745,24.135,0,0.0,0,0,0,0.0,0.0
2018,120.745,24.145,0,0.0,0,0,0,0.0,0.0
2018,120.745,24.155,2,923.0287369586948,0,0,0,0.0,0.0
2018,120.745,24.165,47,206.47634869827388,2,0,0,-0.0,0.0
2018,120.745,24.175,17,122.21777989666279,2,0,0,-0.0,0.0
2018,120.745,24.185,10,547.0679582719348,1,0,0,-0.0,0.0
2018,120.745,24.195,1,848.8347748593746,0,0,0,0.0,0.0
2018,120.745,24.205,0,0.0,0,0,0,0.0,0.0
2018,120.755,24.085,0,0.0,0,0,0,0.0,0.0
2018,120.755,24.095,0,0.0,0,0,0,0.0,0.0
2018,120.755,24.105,0,0.0,0,0,0,0.0,0.0
2018,120.755,24.115,0,0.0,0,0,0,0.0,0.0
2018,120.755,24.125,1,174.20793967499458,1,0,0,-0.0,0.0
2018,120.755,24.135,0,0.0,0,0,0,0.0,0.0
2018,120.755,24.145,0,0.0,0,0,0,0.0,0.0
2018,120.755,24.155,0,0.0,0,0,0,0.0,0.0
2018,120.755,24.165,27,332.6034099244162,0,0,0,0.0,0.0
2018,120.755,24.175,32,248.2759964430772,0,0,0,0.0,0.0
2018,120.755,24.185,56,218.76853313259386,0,0,0,0.0,0.0
2018,120.755,24.195,0,0.0,0,0,0,0.0,0.0
2018,120.755,24.205,0,0.0,0,0,0,0.0,0.0
2019,120.615,24.085,0,0.0,0,0,0,0.0,0.0
2019,120.615,24.095,2,3433.8623857634457,0,0,0,0.0,0.0
2019,120.615,24.105,10,4838.395011076171,0,0,0,0.0,0.0
2019,120.615,24.115,8,13080.010496207375,2,0,0,-0.0,0.0
2019,120.615,24.125,0,0.0,0,0,0,0.0,0.0
2019,120.615,24.135,8,489.5387250552328,5,0,0,-0.0,0.0
2019,120.615,24.145,15,681.0891268140028,2,2,0,1.0,0.0
2019,120.615,24.155,2,1165.8134676075379,1,1,0,1.0,0.0
2019,120.615,24.165,7,879.417203598217,2,0,0,-0.0,0.0
2019,120.615,24.175,22,1193.4567072928664,5,1,0,0.6500224216483541,0.0
2019,120.615,24.185,127,765.5841474710356,16,17,0,0.9993375041688847,0.0
2019,120.615,24.195,29,1050.572725689159,1,0,0,-0.0,0.0
2019,120.615,24.205,3,48398.072739545074,0,0,0,0.0,0.0
2019,120.625,24.085,0,0.0,0,0,0,0.0,0.0
2019,120.625,24.095,23,967.9737221684239,0,0,0,0.0,0.0
2019,120.625,24.105,10,615.0712889606702,3,1,0,0.8112781244591328,0.0
2019,120.625,24.115,3,803.4249972285048,1,0,0,-0.0,0.0
2019,120.625,24.125,10,250.5346831264381,0,0,0,0.0,0.0
2019,120.625,24.135,3,401.5423667509852,0,0,0,0.0,0.0
2019,120.625,24.145,4,3256.519541667296,2,1,0,0.9182958340544896,0.0
2019,120.625,24.155,4,263.1284033540572,4,0,0,-0.0,0.0
2019,120.625,24.165,26,679.4738041562958,1,1,0,1.0,0.0
2019,120.625,24.175,63,882.0517765839,13,10,0,0.9876925088958034,0.0
2019,120.625,24.185,45,1015.5274915787833,8,3,1,1.188721875540867,0.0
2019,120.625,24.195,2,389.03106798125657,2,0,0,-0.0,0.0
2019,120.625,24.205,0,0.0,0,0,0,0.0,0.0
2019,120.635,24.085,0,0.0,0,0,0,0.0,0.0
2019,120.635,24.095,0,0.0,0,0,0,0.0,0.0
2019,120.635,24.105,6,1881.506472373918,0,0,0,0.0,0.0
2019,120.635,24.115,31,310.91300468267207,0,0,0,0.0,0.0
2019,120.635,24.125,18,152.96366596179945,0,0,0,0.0,0.0
2019,120.635,24.135,23,546.1292702135141,6,3,0,0.9182958340544896,0.0
2019,120.635,24.145,16,605.583398053664,0,3,0,-0.0,0.0
2019,120.635,24.155,60,1039.0243337214094,7,2,0,0.7642045065086203,0.0
2019,120.635,24.165,30,1495.2213554878253,6,6,1,1.3143204867061788,0.0
2019,120.635,24.175,46,968.4844365733038,6,2,0,0.8112781244591328,0.0
2019,120.635,24.185,19,713.6774285452206,3,1,0,0.8112781244591328,0.0
2019,120.635,24.195,0,0.0,0,0,0,0.0,0.0
2019,120.635,24.205,0,0.0,0,0,0,0.0,0.0
2019,120.645,24.085,0,0.0,0,0,0,0.0,0.0
2019,120.645,24.095,0,0.0,0,0,0,0.0,0.0
2019,120.645,24.105,1,1234.5223598606403,0,0,0,0.0,0.0
2019,120.645,24.115,0,0.0,0,0,0,0.0,0.0
2019,120.645,24.125,3,3252.5779879333477,0,0,0,0.0,0.0
2019,120.645,24.135,37,2085.4075242441836,21,3,0,0.5435644431995964,0.0
2019,120.645,24.145,27,1691.6184139288296,7,2,1,1.1567796494470395,0.0
2019,120.645,24.155,43,1539.0703585038227,11,3,0,0.74959525725948,0.0
2019,120.645,24.165,49,1793.5541930740565,8,5,0,0.9612366047228759,0.0
2019,120.645,24.175,123,852.4028074745984,15,5,1,1.0488412604661608,0.0
2019,120.645,24.185,62,1017.5163372462649,6,2,1,1.224394445405986,0.0
2019,120.645,24.195,7,874.5739865187007,3,0,0,-0.0,0.0
2019,120.645,24.205,0,0.0,0,0,0,0.0,0.0
2019,120.655,24.085,5,645.604226725024,0,0,0,0.0,0.0
2019,120.655,24.095,5,348.30895433346825,0,0,0,0.0,0.0
2019,120.655,24.105,2,1747.5418336612777,1,0,0,-0.0,0.0
2019,120.655,24.115,27,1276.8196616164753,3,2,0,0.9709505944546686,0.0
2019,120.655,24.125,17,1577.3271244710825,0,0,0,0.0,0.0
2019,120.655,24.135,6,1254.2745733790837,2,1,0,0.9182958340544896,0.0
2019,120.655,24.145,15,406.4972538820626,2,0,0,-0.0,0.0
2019,120.655,24.155,56,724.3112753586739,15,0,0,-0.0,0.0
2019,120.655,24.165,33,917.3971943650316,12,5,0,0.8739810481273578,0.0
2019,120.655,24.175,6,489.3301522208206,0,4,0,-0.0,0.0
2019,120.655,24.185,0,0.0,0,0,0,0.0,0.0
2019,120.655,24.195,2,9220.12415968004,2,0,0,-0.0,0.0
2019,120.655,24.205,7,1436.1468962981257,2,2,0,1.0,0.0
2019,120.665,24.085,5,269.6362022320691,2,0,0,-0.0,0.0
2019,120.665,24.095,4,537.7910548209977,0,0,0,0.0,0.0
2019,120.665,24.105,27,799.224198418954,0,0,0,0.0,0.0
2019,120.665,24.115,34,1082.4278202667888,3,0,0,-0.0,0.0
2019,120.665,24.125,13,1694.5054474674946,0,0,0,0.0,0.0
2019,120.665,24.135,8,976.7207533327978,1,2,0,0.9182958340544896,0.0
2019,120.665,24.145,30,1432.9451085550836,7,0,0,-0.0,0.0
2019,120.665,24.155,77,1119.5790300503538,7,4,0,0.9456603046006401,0.0
2019,120.665,24.165,9,439.5717823885029,1,3,0,0.8112781244591328,0.0
2019,120.665,24.175,17,908.7276419970077,6,3,0,0.9182958340544896,0.0
2019,120.665,24.185,3,392.3451155353766,3,0,0,-0.0,0.0
2019,120.665,24.195,1,1160.8056900468878,0,0,0,0.0,0.0
2019,120.665,24.205,5,1614.9116813476344,0,0,0,0.0,0.0
2019,120.675,24.085,2,389.9773098776252,0,0,0,0.0,0.0
2019,120.675,24.095,5,641.8666171495433,0,0,0,0.0,0.0
2019,120.675,24.105,67,782.5181276835758,1,0,0,-0.0,0.0
2019,120.675,24.115,110,625.439683640615,3,8,3,1.41379956460568,0.0
2019,120.675,24.125,57,1431.7846973073467,5,1,0,0.6500224216483541,0.0
2019,120.675,24.135,48,1246.4410645492148,11,0,0,-0.0,0.0
2019,120.675,24.145,44,998.349607759167,13,2,0,0.5665095065529053,0.0
2019,120.675,24.155,16,1167.68254487615,6,0,0,-0.0,0.0
2019,120.675,24.165,11,2133.9635912557137,3,3,0,1.0,0.0
2019,120.675,24.175,34,1137.5643205900303,12,1,0,0.39124356362925566,0.0
2019,120.675,24.185,13,1559.0133609059124,0,0,0,0.0,0.0
2019,120.675,24.195,11,1018.2174622785195,2,0,0,-0.0,0.0
2019,120.675,24.205,2,4457.143484326612,0,1,0,-0.0,0.0
2019,120.685,24.085,0,0.0,0,0,0,0.0,0.0
2019,120.685,24.095,8,598.1547735536101,2,1,0,0.9182958340544896,0.0
2019,120.685,24.105,59,1041.6121316668246,6,8,1,1.272905595320056,0.0
2019,120.685,24.115,104,387.38634548001454,2,1,0,0.9182958340544896,0.0
2019,120.685,24.125,31,792.803417687456,1,0,1,1.0,0.0
2019,120.685,24.135,152,642.4053051056226,32,12,0,0.8453509366224364,0.0
2019,120.685,24.145,73,818.5637779830458,16,3,1,0.8841837197791889,0.0
2019,120.685,24.155,51,1773.6891498803247,13,4,0,0.7871265862012691,0.0
2019,120.685,24.165,33,1274.697977544673,12,6,1,1.1674367232867007,0.0
2019,120.685,24.175,66,1643.146056053651,11,3,0,0.74959525725948,0.0
2019,120.685,24.185,15,1436.1601426354507,11,2,0,0.6193821946787638,0.0
2019,120.685,24.195,10,4102.304163699616,5,0,0,-0.0,0.0
2019,120.685,24.205,1,15750.913984652228,0,0,0,0.0,0.0
2019,120.695,24.085,15,934.6565301525793,7,1,0,0.5435644431995964,0.0
2019,120.695,24.095,25,149.72634085656713,3,2,0,0.9709505944546686,0.0
2019,120.695,24.105,22,928.1361428405467,0,2,0,-0.0,0.0
2019,120.695,24.115,11,833.2765997626499,0,1,0,-0.0,0.0
2019,120.695,24.125,6,642.292931414727,0,0,0,0.0,0.0
2019,120.695,24.135,5,4040.273973996226,2,0,0,-0.0,0.0
2019,120.695,24.145,56,613.244463751765,3,1,0,0.8112781244591328,0.0
2019,120.695,24.155,162,268.18319125937154,5,2,0,0.863120568566631,0.0
2019,120.695,24.165,33,940.4610194802722,9,2,0,0.6840384356390417,0.0
2019,120.695,24.175,19,2484.1356160266646,4,2,0,0.9182958340544896,0.0
2019,120.695,24.185,5,1048.3069547006953,3,1,0,0.8112781244591328,0.0
2019,120.695,24.195,2,3773.2840102343457,0,0,0,0.0,0.0
2019,120.695,24.205,0,0.0,0,0,0,0.0,0.0
2019,120.705,24.085,7,243.62384786223842,2,1,0,0.9182958340544896,0.0
2019,120.705,24.095,18,361.3441340622455,1,1,0,1.0,0.0
2019,120.705,24.105,25,355.42038470649715,0,0,0,0.0,0.0
2019,120.705,24.115,31,1453.926235713562,0,0,0,0.0,0.0
2019,120.705,24.125,0,0.0,0,0,0,0.0,0.0
2019,120.705,24.135,4,2625.7453102234876,3,0,0,-0.0,0.0
2019,120.705,24.145,21,1106.9095489456465,6,1,1,1.061278124459133,0.0
2019,120.705,24.155,24,547.5519761137276,1,0,0,-0.0,0.0
2019,120.705,24.165,15,2229.54974762062,2,0,0,-0.0,0.0
2019,120.705,24.175,4,3650.3547948650107,1,1,0,1.0,0.0
2019,120.705,24.185,5,2337.0661605380265,0,0,0,0.0,0.0
2019,120.705,24.195,2,6103.681881891715,0,0,0,0.0,0.0
2019,120.705,24.205,5,3937.253813563143,1,0,0,-0.0,0.0
2019,120.715,24.085,0,0.0,0,0,0,0.0,0.0
2019,120.715,24.095,10,2167.522211033747,2,0,1,0.9182958340544896,0.0
2019,120.715,24.105,0,0.0,0,0,0,0.0,0.0
2019,120.715,24.115,20,1621.0288051134396,1,0,0,-0.0,0.0
2019,120.715,24.125,15,1514.0778649116712,4,3,0,0.9852281360342515,0.0
2019,120.715,24.135,2,1793.82242868187,1,0,0,-0.0,0.0
2019,120.715,24.145,11,1760.5782693185322,6,1,0,0.5916727785823275,0.0
2019,120.715,24.155,9,1630.5092855046566,0,0,1,-0.0,0.0
2019,120.715,24.165,28,1208.7192998880503,0,1,0,-0.0,0.0
2019,120.715,24.175,54,572.0928819605941,2,1,1,1.5,0.0
2019,120.715,24.185,5,927.9781422207907,0,0,0,0.0,0.0
2019,120.715,24.195,2,1168.8178309071463,2,0,0,-0.0,0.0
2019,120.715,24.205,1,409.7528756768447,0,0,0,0.0,0.0
2019,120.725,24.085,0,0.0,0,0,0,0.0,0.0
2019,120.725,24.095,3,4044.0217665150644,0,0,0,0.0,0.0
2019,120.725,24.105,5,2034.2516928030286,0,0,0,0.0,0.0
2019,120.725,24.115,2,2303.637612195175,0,0,0,0.0,0.0
2019,120.725,24.125,1,9524.30037581884,0,1,0,-0.0,0.0
2019,120.725,24.135,1,319.82672215041725,0,1,0,-0.0,0.0
2019,120.725,24.145,13,3071.396054850704,0,0,0,0.0,0.0
2019,120.725,24.155,8,1698.7224307085794,3,0,0,-0.0,0.0
2019,120.725,24.165,52,348.30303520892926,2,0,0,-0.0,0.0
2019,120.725,24.175,103,546.083717135345,15,6,0,0.863120568566631,0.0
2019,120.725,24.185,2,32.686646618031816,2,0,0,-0.0,0.0
2019,120.725,24.195,2,12054.817508430151,0,0,0,0.0,0.0
2019,120.725,24.205,15,1675.0598473848643,2,0,0,-0.0,0.0
2019,120.735,24.085,12,0.0,0,0,0,0.0,0.0
2019,120.735,24.095,0,0.0,0,0,0,0.0,0.0
2019,120.735,24.105,0,0.0,0,0,0,0.0,0.0
2019,120.735,24.115,0,0.0,0,0,0,0.0,0.0
2019,120.735,24.125,1,84.84710920727822,0,0,0,0.0,0.0
2019,120.735,24.135,0,0.0,0,0,0,0.0,0.0
2019,120.735,24.145,17,1298.0234059496404,4,1,0,0.7219280948873623,0.0
2019,120.735,24.155,4,5749.890541124572,2,0,0,-0.0,0.0
2019,120.735,24.165,90,333.01613348160834,0,0,0,0.0,0.0
2019,120.735,24.175,18,1189.058031846449,1,0,2,0.9182958340544896,0.0
2019,120.735,24.185,0,0.0,0,0,0,0.0,0.0
2019,120.735,24.195,0,0.0,0,0,0,0.0,0.0
2019,120.735,24.205,0,0.0,0,0,0,0.0,0.0
2019,120.745,24.085,0,0.0,0,0,0,0.0,0.0
2019,120.745,24.095,0,0.0,0,0,0,0.0,0.0
2019,120.745,24.105,0,0.0,0,0,0,0.0,0.0
2019,120.745,24.115,2,492.49133355153157,0,0,0,0.0,0.0
2019,120.745,24.125,0,0.0,0,0,0,0.0,0.0
2019,120.745,24.135,0,0.0,0,0,0,0.0,0.0
2019,120.745,24.145,0,0.0,0,0,0,0.0,0.0
2019,120.745,24.155,3,945.8660972919984,0,0,0,0.0,0.0
2019,120.745,24.165,38,4229.881481048999,3,0,0,-0.0,0.0
2019,120.745,24.175,16,119.4848831202855,2,0,0,-0.0,0.0
2019,120.745,24.185,10,547.0679582719348,1,0,0,-0.0,0.0
2019,120.745,24.195,1,848.8347748593746,0,0,0,0.0,0.0
2019,120.745,24.205,0,0.0,0,0,0,0.0,0.0
2019,120.755,24.085,0,0.0,0,0,0,0.0,0.0
2019,120.755,24.095,0,0.0,0,0,0,0.0,0.0
2019,120.755,24.105,0,0.0,0,0,0,0.0,0.0
2019,120.755,24.115,0,0.0,0,0,0,0.0,0.0
2019,120.755,24.125,1,174.20793967499458,1,0,0,-0.0,0.0
2019,120.755,24.135,0,0.0,0,0,0,0.0,0.0
2019,120.755,24.145,0,0.0,0,0,0,0.0,0.0
2019,120.755,24.155,0,0.0,0,0,0,0.0,0.0
2019,120.755,24.165,27,332.6034099244162,0,0,0,0.0,0.0
2019,120.755,24.175,24,194.9467660347523,0,0,0,0.0,0.0
2019,120.755,24.185,45,194.36745331300133,0,0,0,0.0,0.0
2019,120.755,24.195,0,0.0,0,0,0,0.0,0.0
2019,120.755,24.205,0,0.0,0,0,0,0.0,0.0
2020,120.615,24.085,0,0.0,0,0,0,0.0,0.0
2020,120.615,24.095,3,3931.535228822156,0,0,0,0.0,0.0
2020,120.615,24.105,26,2390.9361565828303,0,0,0,0.0,0.0
2020,120.615,24.115,8,13155.633193500486,3,0,0,-0.0,0.0
2020,120.615,24.125,0,0.0,0,0,0,0.0,0.0
2020,120.615,24.135,8,489.5387250552328,5,0,0,-0.0,0.0
2020,120.615,24.145,15,681.0891268140028,2,2,0,1.0,0.0
2020,120.615,24.155,2,1165.8134676075379,1,1,0,1.0,0.0
2020,120.615,24.165,7,879.417203598217,2,0,0,-0.0,0.0
2020,120.615,24.175,24,1134.8334400938822,5,1,0,0.6500224216483541,0.0
2020,120.615,24.185,130,787.6510382618885,15,16,0,0.9992492479956565,0.0
2020,120.615,24.195,33,3795.3843349806343,1,0,0,-0.0,0.0
2020,120.615,24.205,20,16733.961937419874,0,0,0,0.0,0.0
2020,120.625,24.085,0,0.0,0,0,0,0.0,0.0
2020,120.625,24.095,23,967.9737221684239,0,0,0,0.0,0.0
2020,120.625,24.105,16,686.1136532261262,4,1,0,0.7219280948873623,0.0
2020,120.625,24.115,3,803.4249972285048,1,0,0,-0.0,0.0
2020,120.625,24.125,10,250.5346831264381,0,0,0,0.0,0.0
2020,120.625,24.135,3,401.5423667509852,0,0,0,0.0,0.0
2020,120.625,24.145,14,1308.2565070405606,2,1,0,0.9182958340544896,0.0
2020,120.625,24.155,4,263.1284033540572,4,0,0,-0.0,0.0
2020,120.625,24.165,27,704.9858252452439,1,0,0,-0.0,0.0
2020,120.625,24.175,63,885.9015551587744,12,10,0,0.9940302114769565,0.0
2020,120.625,24.185,39,1139.253792788193,9,2,1,1.0408520829727552,0.0
2020,120.625,24.195,2,389.03106798125657,2,0,0,-0.0,0.0
2020,120.625,24.205,3,25441.207723067648,0,0,0,0.0,0.0
2020,120.635,24.085,0,0.0,0,0,0,0.0,0.0
2020,120.635,24.095,0,0.0,0,0,0,0.0,0.0
2020,120.635,24.105,22,1404.4671135063654,0,0,0,0.0,0.0
2020,120.635,24.115,31,310.91300468267207,0,0,0,0.0,0.0
2020,120.635,24.125,18,152.96366596179948,0,0,0,0.0,0.0
2020,120.635,24.135,26,575.7677076457023,7,3,0,0.8812908992306927,0.0
2020,120.635,24.145,19,1006.9261668673646,2,3,0,0.9709505944546686,0.0
2020,120.635,24.155,61,1029.8709380810894,8,2,0,0.7219280948873623,0.0
2020,120.635,24.165,31,1492.831335951805,6,6,1,1.3143204867061788,0.0
2020,120.635,24.175,47,965.6056396330117,6,2,0,0.8112781244591328,0.0
2020,120.635,24.185,19,713.6774285452206,3,1,0,0.8112781244591328,0.0
2020,120.635,24.195,0,0.0,0,0,0,0.0,0.0
2020,120.635,24.205,0,0.0,0,0,0,0.0,0.0
2020,120.645,24.085,0,0.0,0,0,0,0.0,0.0
2020,120.645,24.095,0,0.0,0,0,0,0.0,0.0
2020,120.645,24.105,5,583.8770051103093,0,1,0,-0.0,0.0
2020,120.645,24.115,2,304.17725967784725,2,0,0,-0.0,0.0
2020,120.645,24.125,3,3252.5779879333477,0,0,0,0.0,0.0
2020,120.645,24.135,46,1820.2395642826225,26,3,0,0.4798320236161285,0.0
2020,120.645,24.145,31,1634.8964445696977,7,2,1,1.1567796494470395,0.0
2020,120.645,24.155,56,1364.0200009740572,20,3,0,0.5586293734521992,0.0
2020,120.645,24.165,59,1647.7243645162814,11,7,0,0.964078764808229,0.0
2020,120.645,24.175,128,843.721122783951,15,5,1,1.0488412604661608,0.0
2020,120.645,24.185,70,1026.393358025488,8,3,1,1.188721875540867,0.0
2020,120.645,24.195,10,1120.65781387644,3,0,0,-0.0,0.0
2020,120.645,24.205,0,0.0,0,0,0,0.0,0.0
2020,120.655,24.085,5,645.604226725024,0,0,0,0.0,0.0
2020,120.655,24.095,5,348.3089543334682,0,0,0,0.0,0.0
2020,120.655,24.105,2,1747.5418336612777,1,0,0,-0.0,0.0
2020,120.655,24.115,31,1184.2091867609938,6,3,0,0.9182958340544896,0.0
2020,120.655,24.125,17,1577.3271244710825,0,0,0,0.0,0.0
2020,120.655,24.135,17,814.7757016493589,2,1,0,0.9182958340544896,0.0
2020,120.655,24.145,23,684.3724817321263,2,0,0,-0.0,0.0
2020,120.655,24.155,65,706.0899782167186,18,1,0,0.2974722489192896,0.0
2020,120.655,24.165,42,846.5780957358414,15,5,0,0.8112781244591328,0.0
2020,120.655,24.175,9,1582.1441886246002,1,4,0,0.7219280948873623,0.0
2020,120.655,24.185,1,6777.244047717775,0,0,0,0.0,0.0
2020,120.655,24.195,18,1716.659001546138,2,0,0,-0.0,0.0
2020,120.655,24.205,8,1499.3480335966503,3,2,0,0.9709505944546686,0.0
2020,120.665,24.085,5,269.6362022320691,2,0,0,-0.0,0.0
2020,120.665,24.095,4,537.7910548209977,0,0,0,0.0,0.0
2020,120.665,24.105,28,870.9216975108319,0,0,0,0.0,0.0
2020,120.665,24.115,45,1096.6280213882435,6,1,0,0.5916727785823275,0.0
2020,120.665,24.125,13,1694.5054474674946,0,0,0,0.0,0.0
2020,120.665,24.135,9,941.1530570166688,1,2,0,0.9182958340544896,0.0
2020,120.665,24.145,32,1375.7817826902897,9,0,0,-0.0,0.0
2020,120.665,24.155,89,1076.2752490563262,6,5,0,0.9940302114769565,0.0
2020,120.665,24.165,10,417.71256759916685,2,3,0,0.9709505944546686,0.0
2020,120.665,24.175,22,661.2163668583262,11,3,0,0.74959525725948,0.0
2020,120.665,24.185,3,392.3451155353766,3,0,0,-0.0,0.0
2020,120.665,24.195,2,728.3053867237801,0,0,0,0.0,0.0
2020,120.665,24.205,5,1614.9116813476344,0,0,0,0.0,0.0
2020,120.675,24.085,2,389.9773098776252,0,0,0,0.0,0.0
2020,120.675,24.095,11,777.2960859869883,0,1,0,-0.0,0.0
2020,120.675,24.105,70,830.9041544618643,1,0,0,-0.0,0.0
2020,120.675,24.115,111,629.7899697199031,3,8,3,1.41379956460568,0.0
2020,120.675,24.125,57,1431.4865743194905,5,1,0,0.6500224216483541,0.0
2020,120.675,24.135,53,1187.327484307388,11,0,0,-0.0,0.0
2020,120.675,24.145,49,991.1273770547975,13,2,0,0.5665095065529053,0.0
2020,120.675,24.155,25,1093.675421060118,6,0,0,-0.0,0.0
2020,120.675,24.165,21,1885.8937080137516,3,3,0,1.0,0.0
2020,120.675,24.175,37,920.060940516739,15,1,1,0.6402064333604701,0.0
2020,120.675,24.185,10,1351.2805079730376,0,0,0,0.0,0.0
2020,120.675,24.195,11,1018.2174622785194,2,0,0,-0.0,0.0
2020,120.675,24.205,2,4457.143484326612,0,1,0,-0.0,0.0
2020,120.685,24.085,0,0.0,0,0,0,0.0,0.0
2020,120.685,24.095,37,1355.0128650088398,3,8,0,0.8453509366224364,0.0
2020,120.685,24.105,63,1004.3376171166756,7,9,1,1.2532975784630431,0.0
2020,120.685,24.115,106,405.71112934954266,3,2,0,0.9709505944546686,0.0
2020,120.685,24.125,33,859.4673428635097,1,0,1,1.0,0.0
2020,120.685,24.135,162,587.3221046177972,36,13,0,0.8346482851813828,0.0
2020,120.685,24.145,78,813.7908511043058,16,3,1,0.8841837197791889,0.0
2020,120.685,24.155,70,1282.0131215220426,16,4,1,0.9637459942073318,0.0
2020,120.685,24.165,39,1157.7660919441166,17,6,1,1.0434356963218767,0.0
2020,120.685,24.175,90,1164.7081960408004,23,4,1,0.8058576010107721,0.0
2020,120.685,24.185,24,1130.706284445051,20,2,0,0.4394969869215134,0.0
2020,120.685,24.195,13,4285.6382181256295,7,0,0,-0.0,0.0
2020,120.685,24.205,1,15750.913984652228,0,0,0,0.0,0.0
2020,120.695,24.085,34,1461.925603306478,7,1,0,0.5435644431995964,0.0
2020,120.695,24.095,16,233.94740758838614,3,2,0,0.9709505944546686,0.0
2020,120.695,24.105,24,917.1380435864257,0,2,0,-0.0,0.0
2020,120.695,24.115,12,857.6878944593747,0,2,0,-0.0,0.0
2020,120.695,24.125,29,178.79187595309205,0,0,0,0.0,0.0
2020,120.695,24.135,13,1962.5473531274743,2,0,0,-0.0,0.0
2020,120.695,24.145,56,612.5524417126601,3,1,0,0.8112781244591328,0.0
2020,120.695,24.155,163,266.7908934200446,6,2,0,0.8112781244591328,0.0
2020,120.695,24.165,33,861.0648533880585,9,2,0,0.6840384356390417,0.0
2020,120.695,24.175,28,1799.8009299014516,9,2,0,0.6840384356390417,0.0
2020,120.695,24.185,6,937.8921650604651,3,1,0,0.8112781244591328,0.0
2020,120.695,24.195,3,2630.642629721127,0,0,0,0.0,0.0
2020,120.695,24.205,0,0.0,0,0,0,0.0,0.0
2020,120.705,24.085,13,951.7167798852644,3,0,0,-0.0,0.0
2020,120.705,24.095,20,336.5957910541697,1,1,0,1.0,0.0
2020,120.705,24.105,25,355.4203847064972,0,0,0,0.0,0.0
2020,120.705,24.115,31,1453.926235713562,0,0,0,0.0,0.0
2020,120.705,24.125,0,0.0,0,0,0,0.0,0.0
2020,120.705,24.135,5,2228.2418613237655,4,0,0,-0.0,0.0
2020,120.705,24.145,25,1152.0513145179902,8,1,1,0.9219280948873623,0.0
2020,120.705,24.155,31,587.3082077644191,1,0,0,-0.0,0.0
2020,120.705,24.165,29,1668.719401702466,6,0,0,-0.0,0.0
2020,120.705,24.175,5,3012.3449970103215,2,1,0,0.9182958340544896,0.0
2020,120.705,24.185,5,2337.0661605380265,0,0,0,0.0,0.0
2020,120.705,24.195,2,6103.681881891715,0,0,0,0.0,0.0
2020,120.705,24.205,6,3332.044011419451,1,0,0,-0.0,0.0
2020,120.715,24.085,2,1141.7235729725649,0,0,0,0.0,0.0
2020,120.715,24.095,11,2148.944614696729,2,0,1,0.9182958340544896,0.0
2020,120.715,24.105,0,0.0,0,0,0,0.0,0.0
2020,120.715,24.115,20,1621.0288051134396,1,0,0,-0.0,0.0
2020,120.715,24.125,15,1514.0778649116714,4,3,0,0.9852281360342515,0.0
2020,120.715,24.135,2,1793.82242868187,1,0,0,-0.0,0.0
2020,120.715,24.145,12,1659.9962427117146,6,1,0,0.5916727785823275,0.0
2020,120.715,24.155,12,1925.893533550867,0,0,1,-0.0,0.0
2020,120.715,24.165,46,915.6340125740152,0,1,0,-0.0,0.0
2020,120.715,24.175,59,578.9714575667463,2,1,1,1.5,0.0
2020,120.715,24.185,23,751.6642342264187,0,0,0,0.0,0.0
2020,120.715,24.195,16,1205.5389913173449,2,1,0,0.9182958340544896,0.0
2020,120.715,24.205,1,409.7528756768447,0,0,0,0.0,0.0
2020,120.725,24.085,4,1146.4460710155277,0,0,0,0.0,0.0
2020,120.725,24.095,3,4044.0217665150644,0,0,0,0.0,0.0
2020,120.725,24.105,5,2034.2516928030286,0,0,0,0.0,0.0
2020,120.725,24.115,10,1005.2259337553962,0,0,0,0.0,0.0
2020,120.725,24.125,1,9524.30037581884,0,1,0,-0.0,0.0
2020,120.725,24.135,2,985.2014534284759,0,1,0,-0.0,0.0
2020,120.725,24.145,13,2713.500654328079,0,0,0,0.0,0.0
2020,120.725,24.155,9,1537.6747089753435,4,0,0,-0.0,0.0
2020,120.725,24.165,54,398.8857468641546,3,0,0,-0.0,0.0
2020,120.725,24.175,191,439.6591672036233,26,7,0,0.7455178428108284,0.0
2020,120.725,24.185,48,446.1619289892839,2,0,0,-0.0,0.0
2020,120.725,24.195,26,1337.5883147695747,0,0,0,0.0,0.0
2020,120.725,24.205,23,1319.0080765126347,2,0,0,-0.0,0.0
2020,120.735,24.085,12,0.0,0,0,0,0.0,0.0
2020,120.735,24.095,16,1245.80220513377,0,0,0,0.0,0.0
2020,120.735,24.105,0,0.0,0,0,0,0.0,0.0
2020,120.735,24.115,10,905.4053543979715,0,0,0,0.0,0.0
2020,120.735,24.125,1,84.84710920727822,0,0,0,0.0,0.0
2020,120.735,24.135,0,0.0,0,0,0,0.0,0.0
2020,120.735,24.145,18,1249.063029669893,4,2,0,0.9182958340544896,0.0
2020,120.735,24.155,4,5749.890541124572,2,0,0,-0.0,0.0
2020,120.735,24.165,93,367.1209872316583,0,0,0,0.0,0.0
2020,120.735,24.175,71,438.8460852868125,4,0,2,0.9182958340544896,0.0
2020,120.735,24.185,17,110.17778480003663,0,0,0,0.0,0.0
2020,120.735,24.195,24,191.2143241039868,0,0,0,0.0,0.0
2020,120.735,24.205,2,269.25917504408494,0,0,0,0.0,0.0
2020,120.745,24.085,0,0.0,0,0,0,0.0,0.0
2020,120.745,24.095,0,0.0,0,0,0,0.0,0.0
2020,120.745,24.105,0,0.0,0,0,0,0.0,0.0
2020,120.745,24.115,2,492.49133355153157,0,0,0,0.0,0.0
2020,120.745,24.125,0,0.0,0,0,0,0.0,0.0
2020,120.745,24.135,0,0.0,0,0,0,0.0,0.0
2020,120.745,24.145,0,0.0,0,0,0,0.0,0.0
2020,120.745,24.155,3,945.8660972919984,0,0,0,0.0,0.0
2020,120.745,24.165,39,226.18493992115486,3,0,0,-0.0,0.0
2020,120.745,24.175,116,122.28230432905931,2,0,0,-0.0,0.0
2020,120.745,24.185,67,193.20927243537778,1,0,0,-0.0,0.0
2020,120.745,24.195,152,152.79724286241265,3,0,0,-0.0,0.0
2020,120.745,24.205,45,144.1511728474747,0,0,0,0.0,0.0
2020,120.755,24.085,0,0.0,0,0,0,0.0,0.0
2020,120.755,24.095,0,0.0,0,0,0,0.0,0.0
2020,120.755,24.105,0,0.0,0,0,0,0.0,0.0
2020,120.755,24.115,0,0.0,0,0,0,0.0,0.0
2020,120.755,24.125,2,309.19268950722295,2,0,0,-0.0,0.0
2020,120.755,24.135,0,0.0,0,0,0,0.0,0.0
2020,120.755,24.145,0,0.0,0,0,0,0.0,0.0
2020,120.755,24.155,0,0.0,0,0,0,0.0,0.0
2020,120.755,24.165,34,365.40963424757075,0,0,0,0.0,0.0
2020,120.755,24.175,27,202.15967438651563,0,0,0,0.0,0.0
2020,120.755,24.185,45,194.36745331300133,0,0,0,0.0,0.0
2020,120.755,24.195,3,628.8531868798894,2,0,0,-0.0,0.0
2020,120.755,24.205,25,293.75447924833554,3,0,0,-0.0,0.0
2021,120.615,24.085,0,0.0,0,0,0,0.0,0.0
2021,120.615,24.095,2,3433.8623857634457,0,0,0,0.0,0.0
2021,120.615,24.105,29,2315.9844809955985,0,0,0,0.0,0.0
2021,120.615,24.115,13,6737.93976461605,5,0,0,-0.0,0.0
2021,120.615,24.125,0,0.0,0,0,0,0.0,0.0
2021,120.615,24.135,9,613.2307051608664,5,0,0,-0.0,0.0
2021,120.615,24.145,25,540.8498104237366,2,2,0,1.0,0.0
2021,120.615,24.155,2,1165.8134676075379,1,1,0,1.0,0.0
2021,120.615,24.165,7,879.417203598217,2,0,0,-0.0,0.0
2021,120.615,24.175,36,858.7959369216192,5,1,0,0.6500224216483541,0.0
2021,120.615,24.185,131,801.1811827155417,13,17,2,1.2627317300909384,0.0
2021,120.615,24.195,32,3505.030031295467,1,0,0,-0.0,0.0
2021,120.615,24.205,21,16009.455090465988,0,0,0,0.0,0.0
2021,120.625,24.085,0,0.0,0,0,0,0.0,0.0
2021,120.625,24.095,23,973.0193011489798,0,0,0,0.0,0.0
2021,120.625,24.105,28,564.1309764147828,4,1,0,0.7219280948873623,0.0
2021,120.625,24.115,7,1444.2523232620822,2,0,0,-0.0,0.0
2021,120.625,24.125,11,303.2285529407361,1,0,0,-0.0,0.0
2021,120.625,24.135,3,401.5423667509852,0,0,0,0.0,0.0
2021,120.625,24.145,14,1308.2565070405606,2,1,0,0.9182958340544896,0.0
2021,120.625,24.155,6,275.9576307288493,5,0,0,-0.0,0.0
2021,120.625,24.165,27,704.9858252452439,1,0,0,-0.0,0.0
2021,120.625,24.175,66,895.0850774443273,12,10,0,0.9940302114769565,0.0
2021,120.625,24.185,44,1053.1674739857115,9,2,1,1.0408520829727552,0.0
2021,120.625,24.195,2,389.03106798125657,2,0,0,-0.0,0.0
2021,120.625,24.205,3,25441.207723067648,0,0,0,0.0,0.0
2021,120.635,24.085,0,0.0,0,0,0,0.0,0.0
2021,120.635,24.095,0,0.0,0,0,0,0.0,0.0
2021,120.635,24.105,22,1404.4671135063654,0,0,0,0.0,0.0
2021,120.635,24.115,39,399.8064069510065,0,0,0,0.0,0.0
2021,120.635,24.125,18,152.96366596179945,0,0,0,0.0,0.0
2021,120.635,24.135,25,649.8824634942899,7,3,0,0.8812908992306927,0.0
2021,120.635,24.145,19,1006.9261668673646,2,3,0,0.9709505944546686,0.0
2021,120.635,24.155,84,1148.382014543895,8,2,0,0.7219280948873623,0.0
2021,120.635,24.165,35,1545.4986425084778,6,6,1,1.3143204867061788,0.0
2021,120.635,24.175,87,825.456238378769,9,2,0,0.6840384356390417,0.0
2021,120.635,24.185,19,713.6774285452206,3,1,0,0.8112781244591328,0.0
2021,120.635,24.195,0,0.0,0,0,0,0.0,0.0
2021,120.635,24.205,0,0.0,0,0,0,0.0,0.0
2021,120.645,24.085,1,1341.1675309698019,0,0,0,0.0,0.0
2021,120.645,24.095,1,1562.860864652476,0,0,0,0.0,0.0
2021,120.645,24.105,6,1018.8955897644969,0,1,0,-0.0,0.0
2021,120.645,24.115,7,841.645484489212,2,0,0,-0.0,0.0
2021,120.645,24.125,4,2528.797818779182,0,0,0,0.0,0.0
2021,120.645,24.135,70,1478.0878946320938,29,3,0,0.4488644887230294,0.0
2021,120.645,24.145,78,1127.4355577895767,9,2,1,1.0408520829727552,0.0
2021,120.645,24.155,84,1174.5130122303299,18,4,0,0.6840384356390417,0.0
2021,120.645,24.165,84,1458.6358507501143,10,7,0,0.9774178175281716,0.0
2021,120.645,24.175,170,755.1341597844877,15,7,1,1.121177460903491,0.0
2021,120.645,24.185,82,1174.8364468205684,8,3,1,1.188721875540867,0.0
2021,120.645,24.195,10,1120.6578138764398,3,0,0,-0.0,0.0
2021,120.645,24.205,0,0.0,0,0,0,0.0,0.0
2021,120.655,24.085,5,645.604226725024,0,0,0,0.0,0.0
2021,120.655,24.095,6,904.4820024994624,0,0,0,0.0,0.0
2021,120.655,24.105,4,1358.416098617688,1,0,0,-0.0,0.0
2021,120.655,24.115,33,1164.0875359886722,6,3,0,0.9182958340544896,0.0
2021,120.655,24.125,17,1577.3271244710822,0,0,0,0.0,0.0
2021,120.655,24.135,29,924.1259632546265,2,1,0,0.9182958340544896,0.0
2021,120.655,24.145,44,525.4225853344374,3,0,0,-0.0,0.0
2021,120.655,24.155,65,675.0895152013129,18,1,0,0.2974722489192896,0.0
2021,120.655,24.165,55,865.5595749644294,14,5,1,1.0762976257251988,0.0
2021,120.655,24.175,15,1161.10085761713,2,6,0,0.8112781244591328,0.0
2021,120.655,24.185,1,6777.244047717775,0,0,0,0.0,0.0
2021,120.655,24.195,19,1867.4304569766912,2,1,0,0.9182958340544896,0.0
2021,120.655,24.205,10,1614.2360097757173,4,2,0,0.9182958340544896,0.0
2021,120.665,24.085,6,287.5911405110441,2,0,0,-0.0,0.0
2021,120.665,24.095,4,537.7910548209977,0,0,0,0.0,0.0
2021,120.665,24.105,29,857.4478962433171,0,0,0,0.0,0.0
2021,120.665,24.115,48,1060.7466344867507,6,1,0,0.5916727785823275,0.0
2021,120.665,24.125,17,1436.9024545813895,0,0,0,0.0,0.0
2021,120.665,24.135,9,941.1530570166688,1,2,0,0.9182958340544896,0.0
2021,120.665,24.145,42,1242.4312625922394,10,0,0,-0.0,0.0
2021,120.665,24.155,129,886.1584749023643,12,7,0,0.9494520153879484,0.0
2021,120.665,24.165,25,541.8019343952859,2,3,0,0.9709505944546686,0.0
2021,120.665,24.175,33,615.996594506285,10,3,0,0.7793498372920851,0.0
2021,120.665,24.185,4,1010.0111379790384,3,0,0,-0.0,0.0
2021,120.665,24.195,3,755.6109203937364,0,0,0,0.0,0.0
2021,120.665,24.205,5,1614.9116813476344,0,0,0,0.0,0.0
2021,120.675,24.085,2,389.9773098776252,0,0,0,0.0,0.0
2021,120.675,24.095,12,775.6419044115265,3,0,0,-0.0,0.0
2021,120.675,24.105,70,830.9041544618646,1,0,0,-0.0,0.0
2021,120.675,24.115,119,628.971521667079,4,8,3,1.456564762130954,0.0
2021,120.675,24.125,56,1498.179105024011,5,1,0,0.6500224216483541,0.0
2021,120.675,24.135,58,1129.186941470465,11,1,0,0.41381685030363374,0.0
2021,120.675,24.145,86,783.1296929831425,13,1,0,0.37123232664087563,0.0
2021,120.675,24.155,36,1071.3230496136835,8,0,0,-0.0,0.0
2021,120.675,24.165,47,1042.7646098415287,3,3,0,1.0,0.0
2021,120.675,24.175,60,648.246251904491,21,5,1,0.908653933541588,0.0
2021,120.675,24.185,19,1213.6070289364222,2,0,0,-0.0,0.0
2021,120.675,24.195,12,795.5264550223352,2,0,0,-0.0,0.0
2021,120.675,24.205,2,4457.143484326612,0,1,0,-0.0,0.0
2021,120.685,24.085,0,0.0,0,0,0,0.0,0.0
2021,120.685,24.095,38,1467.651473894259,2,8,0,0.7219280948873623,0.0
2021,120.685,24.105,64,1100.9862078872718,7,9,1,1.2532975784630431,0.0
2021,120.685,24.115,106,408.5348916126079,3,2,0,0.9709505944546686,0.0
2021,120.685,24.125,34,855.369032407076,1,0,1,1.0,0.0
2021,120.685,24.135,222,522.9903200499664,36,15,0,0.8739810481273578,0.0
2021,120.685,24.145,109,786.5196276925088,16,3,1,0.8841837197791889,0.0
2021,120.685,24.155,94,1093.5074033368664,17,4,1,0.9373012413074896,0.0
2021,120.685,24.165,47,816.3910711675636,18,6,1,1.0211191885631823,0.0
2021,120.685,24.175,126,937.445201482619,33,5,2,0.8200619345557181,0.0
2021,120.685,24.185,27,1074.4264395835146,22,2,0,0.41381685030363374,0.0
2021,120.685,24.195,16,3573.4691901556353,8,0,0,-0.0,0.0
2021,120.685,24.205,1,15750.913984652228,0,0,0,0.0,0.0
2021,120.695,24.085,34,1461.9234737391218,7,1,0,0.5435644431995964,0.0
2021,120.695,24.095,17,286.7303763660303,3,2,0,0.9709505944546686,0.0
2021,120.695,24.105,25,888.858864771344,0,2,0,-0.0,0.0
2021,120.695,24.115,16,697.7052334292354,1,2,0,0.9182958340544896,0.0
2021,120.695,24.125,30,186.08079961873162,0,0,0,0.0,0.0
2021,120.695,24.135,14,2037.311003396547,2,0,0,-0.0,0.0
2021,120.695,24.145,61,601.4371663165217,3,1,0,0.8112781244591328,0.0
2021,120.695,24.155,169,283.60530602639705,8,3,1,1.188721875540867,0.0
2021,120.695,24.165,37,806.1726845045447,10,2,0,0.6500224216483541,0.0
2021,120.695,24.175,42,1568.9189269932733,10,2,0,0.6500224216483541,0.0
2021,120.695,24.185,8,1037.3146471880168,3,1,0,0.8112781244591328,0.0
2021,120.695,24.195,8,2272.2083218162734,0,0,0,0.0,0.0
2021,120.695,24.205,0,0.0,0,0,0,0.0,0.0
2021,120.705,24.085,19,714.2222397949145,5,0,0,-0.0,0.0
2021,120.705,24.095,21,370.8043099220813,1,1,0,1.0,0.0
2021,120.705,24.105,25,355.42038470649715,0,0,0,0.0,0.0
2021,120.705,24.115,31,1453.926235713562,0,0,0,0.0,0.0
2021,120.705,24.125,0,0.0,0,0,0,0.0,0.0
2021,120.705,24.135,5,2228.2418613237655,4,0,0,-0.0,0.0
2021,120.705,24.145,25,1152.0513145179902,8,1,1,0.9219280948873623,0.0
2021,120.705,24.155,32,656.0215922087225,1,0,0,-0.0,0.0
2021,120.705,24.165,30,1623.074549871977,7,0,0,-0.0,0.0
2021,120.705,24.175,6,2613.234230983073,2,1,0,0.9182958340544896,0.0
2021,120.705,24.185,22,2660.0527170476994,0,1,0,-0.0,0.0
2021,120.705,24.195,19,1581.7824284708458,0,0,0,0.0,0.0
2021,120.705,24.205,6,3266.3837229469755,1,0,0,-0.0,0.0
2021,120.715,24.085,2,1141.7235729725649,0,0,0,0.0,0.0
2021,120.715,24.095,13,2095.272401262854,2,0,1,0.9182958340544896,0.0
2021,120.715,24.105,0,0.0,0,0,0,0.0,0.0
2021,120.715,24.115,20,1621.0288051134394,1,0,0,-0.0,0.0
2021,120.715,24.125,17,1475.19170977249,4,3,0,0.9852281360342515,0.0
2021,120.715,24.135,4,2116.0053150437766,1,0,0,-0.0,0.0
2021,120.715,24.145,12,1659.9962427117146,6,1,0,0.5916727785823275,0.0
2021,120.715,24.155,13,2097.361220071679,0,0,1,-0.0,0.0
2021,120.715,24.165,47,903.5164283406306,2,1,0,0.9182958340544896,0.0
2021,120.715,24.175,60,529.1271376437383,3,3,1,1.4488156357251847,0.0
2021,120.715,24.185,23,751.6642342264187,0,0,0,0.0,0.0
2021,120.715,24.195,21,1195.007820083254,2,1,0,0.9182958340544896,0.0
2021,120.715,24.205,2,1596.3167526072027,0,0,0,0.0,0.0
2021,120.725,24.085,5,1095.5779911828013,0,0,0,0.0,0.0
2021,120.725,24.095,1,421.1232292740284,0,0,0,0.0,0.0
2021,120.725,24.105,6,1962.6255869067488,0,0,0,0.0,0.0
2021,120.725,24.115,11,1117.2734139814681,0,0,0,0.0,0.0
2021,120.725,24.125,1,9524.30037581884,0,1,0,-0.0,0.0
2021,120.725,24.135,2,985.2014534284759,0,1,0,-0.0,0.0
2021,120.725,24.145,13,2713.5006543280783,0,0,0,0.0,0.0
2021,120.725,24.155,11,1949.8781526771425,4,0,0,-0.0,0.0
2021,120.725,24.165,64,431.0958691249996,3,0,0,-0.0,0.0
2021,120.725,24.175,200,453.2519387103598,27,8,1,0.9370927081530444,0.0
2021,120.725,24.185,56,420.9440729649271,9,1,0,0.4689955935892812,0.0
2021,120.725,24.195,31,946.6666287221321,0,1,0,-0.0,0.0
2021,120.725,24.205,23,1443.669771165947,1,0,0,-0.0,0.0
2021,120.735,24.085,12,0.0,0,0,0,0.0,0.0
2021,120.735,24.095,16,1245.80220513377,0,0,0,0.0,0.0
2021,120.735,24.105,0,0.0,0,0,0,0.0,0.0
2021,120.735,24.115,11,881.5213097978159,0,0,0,0.0,0.0
2021,120.735,24.125,2,173.14906958914278,0,0,0,0.0,0.0
2021,120.735,24.135,0,0.0,0,0,0,0.0,0.0
2021,120.735,24.145,20,1210.1529074328803,4,2,0,0.9182958340544896,0.0
2021,120.735,24.155,20,1961.6457564037821,2,0,0,-0.0,0.0
2021,120.735,24.165,93,367.1209872316583,0,0,0,0.0,0.0
2021,120.735,24.175,71,434.1954689110017,3,0,2,0.9709505944546686,0.0
2021,120.735,24.185,18,104.48205436552321,0,0,0,0.0,0.0
2021,120.735,24.195,24,191.2143241039868,0,0,0,0.0,0.0
2021,120.735,24.205,2,269.25917504408494,0,0,0,0.0,0.0
2021,120.745,24.085,0,0.0,0,0,0,0.0,0.0
2021,120.745,24.095,0,0.0,0,0,0,0.0,0.0
2021,120.745,24.105,0,0.0,0,0,0,0.0,0.0
2021,120.745,24.115,2,492.49133355153157,0,0,0,0.0,0.0
2021,120.745,24.125,0,0.0,0,0,0,0.0,0.0
2021,120.745,24.135,0,0.0,0,0,0,0.0,0.0
2021,120.745,24.145,0,0.0,0,0,0,0.0,0.0
2021,120.745,24.155,3,945.8660972919984,0,0,0,0.0,0.0
2021,120.745,24.165,73,184.8661027721985,3,0,0,-0.0,0.0
2021,120.745,24.175,116,122.28230432905931,2,0,0,-0.0,0.0
2021,120.745,24.185,67,193.2092724353778,2,0,0,-0.0,0.0
2021,120.745,24.195,154,195.251246995854,3,0,0,-0.0,0.0
2021,120.745,24.205,45,144.15117284747467,1,0,0,-0.0,0.0
2021,120.755,24.085,0,0.0,0,0,0,0.0,0.0
2021,120.755,24.095,0,0.0,0,0,0,0.0,0.0
2021,120.755,24.105,0,0.0,0,0,0,0.0,0.0
2021,120.755,24.115,0,0.0,0,0,0,0.0,0.0
2021,120.755,24.125,4,581.5188447685465,2,0,0,-0.0,0.0
2021,120.755,24.135,0,0.0,0,0,0,0.0,0.0
2021,120.755,24.145,0,0.0,0,0,0,0.0,0.0
2021,120.755,24.155,1,688.2328634705644,0,0,0,0.0,0.0
2021,120.755,24.165,35,379.12000059784674,0,0,0,0.0,0.0
2021,120.755,24.175,68,199.87684715137,0,0,0,0.0,0.0
2021,120.755,24.185,71,163.87315657687128,0,0,0,0.0,0.0
2021,120.755,24.195,3,628.8531868798894,2,0,0,-0.0,0.0
2021,120.755,24.205,25,293.75447924833554,3,0,0,-0.0,0.0
2022,120.615,24.085,0,0.0,0,0,0,0.0,0.0
2022,120.615,24.095,2,3433.8623857634457,0,0,0,0.0,0.0
2022,120.615,24.105,32,2101.541165687575,0,0,0,0.0,0.0
2022,120.615,24.115,12,6268.12465376006,5,0,0,-0.0,0.0
2022,120.615,24.125,1,25.138476197696505,0,0,0,0.0,0.0
2022,120.615,24.135,17,571.8893127567156,5,0,0,-0.0,0.0
2022,120.615,24.145,50,580.0290926014226,2,4,0,0.9182958340544896,0.0
2022,120.615,24.155,6,983.5657495191539,1,1,0,1.0,0.0
2022,120.615,24.165,8,920.154602697568,2,0,0,-0.0,0.0
2022,120.615,24.175,94,489.653010789382,9,2,0,0.6840384356390417,0.0
2022,120.615,24.185,164,673.7333206936859,10,16,2,1.2638091738835462,0.0
2022,120.615,24.195,50,2421.8567618060993,1,0,0,-0.0,0.0
2022,120.615,24.205,21,16009.455090465992,0,0,0,0.0,0.0
2022,120.625,24.085,0,0.0,0,0,0,0.0,0.0
2022,120.625,24.095,23,973.0193011489799,0,0,0,0.0,0.0
2022,120.625,24.105,42,639.6872750266373,4,1,0,0.7219280948873623,0.0
2022,120.625,24.115,13,1157.9904545339266,2,0,0,-0.0,0.0
2022,120.625,24.125,11,303.2285529407361,1,0,0,-0.0,0.0
2022,120.625,24.135,3,401.5423667509852,0,0,0,0.0,0.0
2022,120.625,24.145,24,1319.7194413190653,2,1,0,0.9182958340544896,0.0
2022,120.625,24.155,6,275.95763072884927,5,0,0,-0.0,0.0
2022,120.625,24.165,27,704.9858252452437,1,0,0,-0.0,0.0
2022,120.625,24.175,76,745.8954987591505,12,10,0,0.9940302114769565,0.0
2022,120.625,24.185,53,791.7913611153135,9,2,1,1.0408520829727552,0.0
2022,120.625,24.195,2,389.03106798125657,2,0,0,-0.0,0.0
2022,120.625,24.205,3,25441.207723067648,0,0,0,0.0,0.0
2022,120.635,24.085,0,0.0,0,0,0,0.0,0.0
2022,120.635,24.095,0,0.0,0,0,0,0.0,0.0
2022,120.635,24.105,28,1193.255834947108,0,0,0,0.0,0.0
2022,120.635,24.115,45,436.9035137317651,0,0,0,0.0,0.0
2022,120.635,24.125,18,152.96366596179948,0,0,0,0.0,0.0
2022,120.635,24.135,30,676.208707419148,7,3,0,0.8812908992306927,0.0
2022,120.635,24.145,77,760.4775155004724,2,3,0,0.9709505944546686,0.0
2022,120.635,24.155,111,907.5975848756101,9,2,0,0.6840384356390417,0.0
2022,120.635,24.165,48,1373.3813474797269,6,6,1,1.3143204867061788,0.0
2022,120.635,24.175,146,611.3323487771293,8,3,0,0.8453509366224364,0.0
2022,120.635,24.185,33,550.9860910602554,3,1,0,0.8112781244591328,0.0
2022,120.635,24.195,0,0.0,0,0,0,0.0,0.0
2022,120.635,24.205,0,0.0,0,0,0,0.0,0.0
2022,120.645,24.085,1,1341.1675309698019,0,0,0,0.0,0.0
2022,120.645,24.095,1,1562.860864652476,0,0,0,0.0,0.0
2022,120.645,24.105,7,1008.9011013767049,0,1,0,-0.0,0.0
2022,120.645,24.115,20,761.7439306756385,2,0,0,-0.0,0.0
2022,120.645,24.125,5,2151.332798273538,0,1,0,-0.0,0.0
2022,120.645,24.135,125,840.5583606653821,28,4,0,0.5435644431995964,0.0
2022,120.645,24.145,134,841.4874102187594,16,9,1,1.141619525334138,0.0
2022,120.645,24.155,100,1014.0657681922196,18,4,0,0.6840384356390417,0.0
2022,120.645,24.165,84,1458.6358508549874,10,7,0,0.9774178175281716,0.0
2022,120.645,24.175,257,606.4906839130653,15,8,1,1.1431558784658322,0.0
2022,120.645,24.185,116,923.0830846455448,8,1,1,0.9219280948873623,0.0
2022,120.645,24.195,10,1151.7298208769525,3,0,0,-0.0,0.0
2022,120.645,24.205,0,0.0,0,0,0,0.0,0.0
2022,120.655,24.085,5,645.604226725024,0,0,0,0.0,0.0
2022,120.655,24.095,6,904.4820024994623,0,0,0,0.0,0.0
2022,120.655,24.105,11,1032.137511845338,1,0,0,-0.0,0.0
2022,120.655,24.115,62,854.0297837821133,6,3,0,0.9182958340544896,0.0
2022,120.655,24.125,36,981.2102295897241,0,0,0,0.0,0.0
2022,120.655,24.135,47,840.3148042362074,2,1,0,0.9182958340544896,0.0
2022,120.655,24.145,75,544.6770604022023,4,1,0,0.7219280948873623,0.0
2022,120.655,24.155,115,650.9916999828858,16,1,0,0.3227569588973982,0.0
2022,120.655,24.165,65,848.3590605644226,13,5,1,1.1050139971135322,0.0
2022,120.655,24.175,16,1210.0745570183303,2,6,0,0.8112781244591328,0.0
2022,120.655,24.185,5,1793.6840373345954,2,1,0,0.9182958340544896,0.0
2022,120.655,24.195,30,2220.4630250985842,2,2,0,1.0,0.0
2022,120.655,24.205,10,1614.2360097757173,4,2,0,0.9182958340544896,0.0
2022,120.665,24.085,6,287.59114051104416,2,0,0,-0.0,0.0
2022,120.665,24.095,4,537.7910548209977,0,0,0,0.0,0.0
2022,120.665,24.105,30,903.0962550322197,0,0,0,0.0,0.0
2022,120.665,24.115,106,739.0293327940137,6,1,0,0.5916727785823275,0.0
2022,120.665,24.125,22,1340.7305553796205,0,0,0,0.0,0.0
2022,120.665,24.135,13,941.0920376401505,1,2,0,0.9182958340544896,0.0
2022,120.665,24.145,65,1053.035522256604,9,0,0,-0.0,0.0
2022,120.665,24.155,156,792.4031804798607,12,6,0,0.9182958340544896,0.0
2022,120.665,24.165,36,796.8841735544581,2,3,0,0.9709505944546686,0.0
2022,120.665,24.175,138,533.9221621443979,12,3,0,0.7219280948873623,0.0
2022,120.665,24.185,46,536.1105825920667,6,1,0,0.5916727785823275,0.0
2022,120.665,24.195,10,894.2517038452912,0,0,0,0.0,0.0
2022,120.665,24.205,5,1614.9116813476344,0,0,0,0.0,0.0
2022,120.675,24.085,2,389.9773098776252,0,0,0,0.0,0.0
2022,120.675,24.095,13,745.8367332944449,4,0,0,-0.0,0.0
2022,120.675,24.105,75,822.3419278629098,2,0,0,-0.0,0.0
2022,120.675,24.115,125,633.7355281960599,4,8,3,1.456564762130954,0.0
2022,120.675,24.125,71,1391.9754568070919,5,1,0,0.6500224216483541,0.0
2022,120.675,24.135,74,1027.916486332651,13,1,0,0.37123232664087563,0.0
2022,120.675,24.145,95,851.2744328265169,16,1,0,0.3227569588973982,0.0
2022,120.675,24.155,48,948.5516872155445,8,0,0,-0.0,0.0
2022,120.675,24.165,89,759.947023325467,2,5,0,0.863120568566631,0.0
2022,120.675,24.175,152,772.3610612094241,21,5,1,0.908653933541588,0.0
2022,120.675,24.185,20,1155.4341632269377,2,0,0,-0.0,0.0
2022,120.675,24.195,12,795.5264550223352,2,0,0,-0.0,0.0
2022,120.675,24.205,4,2637.04803100196,0,1,0,-0.0,0.0
2022,120.685,24.085,0,0.0,0,0,0,0.0,0.0
2022,120.685,24.095,43,1358.5370073900374,2,8,0,0.7219280948873623,0.0
2022,120.685,24.105,144,729.7310453236116,11,13,2,1.3096910973393818,0.0
2022,120.685,24.115,148,432.04352908617756,3,3,0,1.0,0.0
2022,120.685,24.125,75,787.0347643746217,2,0,1,0.9182958340544896,0.0
2022,120.685,24.135,245,515.0607951077558,37,15,0,0.866725613094959,0.0
2022,120.685,24.145,116,825.8818948152441,16,3,1,0.8841837197791889,0.0
2022,120.685,24.155,126,975.0058637228739,17,4,1,0.9373012413074896,121.3527858124196
2022,120.685,24.165,116,571.1125331541259,17,6,1,1.0434356963218767,0.0
2022,120.685,24.175,420,446.606446074033,31,6,1,0.7981943390667415,0.0
2022,120.685,24.185,110,636.1369307716969,24,3,0,0.5032583347756457,0.0
2022,120.685,24.195,280,321.38795749614246,8,0,0,-0.0,0.0
2022,120.685,24.205,2,8100.698358616042,0,0,0,0.0,0.0
2022,120.695,24.085,34,1461.9234737391218,7,1,0,0.5435644431995964,0.0
2022,120.695,24.095,18,393.5599133582158,3,2,0,0.9709505944546686,0.0
2022,120.695,24.105,66,667.3138960341499,0,2,0,-0.0,0.0
2022,120.695,24.115,32,1132.8925153544697,1,2,0,0.9182958340544896,0.0
2022,120.695,24.125,39,327.87780856554775,0,0,0,0.0,0.0
2022,120.695,24.135,17,1861.3921618949494,2,0,0,-0.0,0.0
2022,120.695,24.145,75,560.9107347433452,3,1,0,0.8112781244591328,0.0
2022,120.695,24.155,185,331.4409363452049,8,3,1,1.188721875540867,0.0
2022,120.695,24.165,94,558.2528193882544,10,2,0,0.6500224216483541,0.0
2022,120.695,24.175,359,373.4429172490321,9,4,0,0.8904916402194913,0.0
2022,120.695,24.185,57,642.400039986886,2,0,0,-0.0,0.0
2022,120.695,24.195,14,1420.854638588049,0,0,0,0.0,0.0
2022,120.695,24.205,0,0.0,0,0,0,0.0,0.0
2022,120.705,24.085,20,761.3043337248553,5,0,0,-0.0,0.0
2022,120.705,24.095,20,389.34452541818536,1,1,0,1.0,0.0
2022,120.705,24.105,25,355.42038470649715,0,0,0,0.0,0.0
2022,120.705,24.115,31,1453.9262357135622,0,0,0,0.0,0.0
2022,120.705,24.125,3,2008.455990361356,0,0,0,0.0,0.0
2022,120.705,24.135,5,2228.2418613237655,4,0,0,-0.0,0.0
2022,120.705,24.145,37,977.1253292046863,8,2,1,1.0957952550009336,0.0
2022,120.705,24.155,52,661.7939136469605,1,0,0,-0.0,0.0
2022,120.705,24.165,37,1282.274182867477,7,0,0,-0.0,0.0
2022,120.705,24.175,15,1436.2205539913411,2,1,0,0.9182958340544896,0.0
2022,120.705,24.185,29,2252.1240170361903,0,1,0,-0.0,0.0
2022,120.705,24.195,138,248.47317738162704,0,0,0,0.0,0.0
2022,120.705,24.205,36,905.3355080202346,2,0,0,-0.0,0.0
2022,120.715,24.085,2,1141.7235729725649,0,0,0,0.0,0.0
2022,120.715,24.095,14,2007.444422602433,2,0,1,0.9182958340544896,0.0
2022,120.715,24.105,0,0.0,0,0,0,0.0,0.0
2022,120.715,24.115,25,1444.7233712374593,1,0,0,-0.0,0.0
2022,120.715,24.125,18,1674.3716428205032,4,3,0,0.9852281360342515,0.0
2022,120.715,24.135,5,1760.5852138427622,1,0,0,-0.0,0.0
2022,120.715,24.145,14,1521.9456786518774,6,1,0,0.5916727785823275,0.0
2022,120.715,24.155,33,1163.8266078550357,0,0,1,-0.0,0.0
2022,120.715,24.165,47,903.5164283406306,2,1,0,0.9182958340544896,0.0
2022,120.715,24.175,66,507.3230409803622,4,4,1,1.3921472236645345,0.0
2022,120.715,24.185,31,677.7894947089637,0,1,0,-0.0,0.0
2022,120.715,24.195,21,1195.007820083254,2,1,0,0.9182958340544896,0.0
2022,120.715,24.205,2,1596.3167526072027,0,0,0,0.0,0.0
2022,120.725,24.085,5,1095.5779911828013,0,0,0,0.0,0.0
2022,120.725,24.095,2,1377.3719488331342,0,0,0,0.0,0.0
2022,120.725,24.105,6,1962.6255869067488,0,0,0,0.0,0.0
2022,120.725,24.115,12,1350.804494418223,0,0,0,0.0,0.0
2022,120.725,24.125,2,6972.84895492563,0,1,0,-0.0,0.0
2022,120.725,24.135,6,603.8315545164346,0,1,0,-0.0,0.0
2022,120.725,24.145,13,2713.5006543280783,0,0,0,0.0,0.0
2022,120.725,24.155,30,964.8265158774593,4,0,0,-0.0,0.0
2022,120.725,24.165,82,428.66533807113467,3,0,0,-0.0,0.0
2022,120.725,24.175,219,411.718961482272,26,9,1,0.9826817324242788,0.0
2022,120.725,24.185,57,415.6698128244429,9,1,0,0.4689955935892812,0.0
2022,120.725,24.195,32,924.0863693618129,0,1,0,-0.0,0.0
2022,120.725,24.205,23,1443.669771165947,1,0,0,-0.0,0.0
2022,120.735,24.085,5,149.2592724502312,0,0,0,0.0,0.0
2022,120.735,24.095,16,1245.80220513377,0,0,0,0.0,0.0
2022,120.735,24.105,0,0.0,0,0,0,0.0,0.0
2022,120.735,24.115,11,881.5213097978158,0,0,0,0.0,0.0
2022,120.735,24.125,2,173.14906958914278,0,0,0,0.0,0.0
2022,120.735,24.135,0,0.0,0,0,0,0.0,0.0
2022,120.735,24.145,22,1142.4446634190492,4,2,0,0.9182958340544896,0.0
2022,120.735,24.155,21,1817.212335601738,2,0,0,-0.0,0.0
2022,120.735,24.165,97,265.29965240422445,0,0,0,0.0,0.0
2022,120.735,24.175,71,434.1954689110016,2,0,2,1.0,0.0
2022,120.735,24.185,18,104.4820543655232,0,0,0,0.0,0.0
2022,120.735,24.195,24,191.2143241039868,0,0,0,0.0,0.0
2022,120.735,24.205,2,269.25917504408494,0,0,0,0.0,0.0
2022,120.745,24.085,0,0.0,0,0,0,0.0,0.0
2022,120.745,24.095,0,0.0,0,0,0,0.0,0.0
2022,120.745,24.105,0,0.0,0,0,0,0.0,0.0
2022,120.745,24.115,2,492.49133355153157,0,0,0,0.0,0.0
2022,120.745,24.125,0,0.0,0,0,0,0.0,0.0
2022,120.745,24.135,0,0.0,0,0,0,0.0,0.0
2022,120.745,24.145,0,0.0,0,0,0,0.0,0.0
2022,120.745,24.155,3,945.8660972919984,0,0,0,0.0,0.0
2022,120.745,24.165,77,202.0363321208353,3,0,0,-0.0,0.0
2022,120.745,24.175,116,122.28230432905933,2,0,0,-0.0,0.0
2022,120.745,24.185,67,193.20927243537784,2,0,0,-0.0,0.0
2022,120.745,24.195,154,196.31296954873866,3,0,0,-0.0,0.0
2022,120.745,24.205,45,144.1511728474747,1,0,0,-0.0,0.0
2022,120.755,24.085,0,0.0,0,0,0,0.0,0.0
2022,120.755,24.095,0,0.0,0,0,0,0.0,0.0
2022,120.755,24.105,0,0.0,0,0,0,0.0,0.0
2022,120.755,24.115,0,0.0,0,0,0,0.0,0.0
2022,120.755,24.125,4,581.5188447685465,2,0,0,-0.0,0.0
2022,120.755,24.135,0,0.0,0,0,0,0.0,0.0
2022,120.755,24.145,0,0.0,0,0,0,0.0,0.0
2022,120.755,24.155,1,688.2328634705644,0,0,0,0.0,0.0
2022,120.755,24.165,35,382.9400285000657,0,0,0,0.0,0.0
2022,120.755,24.175,68,199.87684715137,0,0,0,0.0,0.0
2022,120.755,24.185,84,158.08809510155365,0,0,0,0.0,0.0
2022,120.755,24.195,3,628.8531868798894,2,0,0,-0.0,0.0
2022,120.755,24.205,25,293.75447924833554,3,0,0,-0.0,0.0
2023,120.615,24.085,0,0.0,0,0,0,0.0,0.0
2023,120.615,24.095,2,3433.8623857634457,0,0,0,0.0,0.0
2023,120.615,24.105,32,2101.541165687575,0,0,0,0.0,0.0
2023,120.615,24.115,13,7916.22773683865,5,0,0,-0.0,0.0
2023,120.615,24.125,1,25.138476197696505,0,0,0,0.0,0.0
2023,120.615,24.135,17,571.8893127567156,5,0,0,-0.0,0.0
2023,120.615,24.145,239,217.974285336386,2,4,0,0.9182958340544896,0.0
2023,120.615,24.155,6,983.5657495191537,1,1,0,1.0,0.0
2023,120.615,24.165,8,920.154602697568,2,0,0,-0.0,0.0
2023,120.615,24.175,95,485.46488433179957,9,2,0,0.6840384356390417,0.0
2023,120.615,24.185,185,625.3579028376666,13,17,2,1.2627317300909384,0.0
2023,120.615,24.195,53,2396.2889022765967,1,0,0,-0.0,0.0
2023,120.615,24.205,21,16009.455090465988,0,0,0,0.0,0.0
2023,120.625,24.085,8,1177.1317152185109,0,0,0,0.0,0.0
2023,120.625,24.095,30,830.4419257135456,0,0,0,0.0,0.0
2023,120.625,24.105,47,680.6583173694412,6,1,1,1.061278124459133,0.0
2023,120.625,24.115,13,1157.9904545339266,2,0,0,-0.0,0.0
2023,120.625,24.125,11,303.2285529407361,1,0,0,-0.0,0.0
2023,120.625,24.135,55,102.11059638559159,1,0,0,-0.0,0.0
2023,120.625,24.145,24,1319.7194413190653,2,1,0,0.9182958340544896,0.0
2023,120.625,24.155,55,272.98692651593365,5,0,0,-0.0,0.0
2023,120.625,24.165,27,704.9858252452437,1,0,0,-0.0,0.0
2023,120.625,24.175,86,736.2458649796795,12,10,0,0.9940302114769565,0.0
2023,120.625,24.185,53,796.7330532012232,7,1,1,0.9864267287308424,0.0
2023,120.625,24.195,2,389.03106798125657,2,0,0,-0.0,0.0
2023,120.625,24.205,4,19137.552391077294,0,0,0,0.0,0.0
2023,120.635,24.085,27,1243.1921458363524,0,0,0,0.0,0.0
2023,120.635,24.095,125,636.2957042605683,0,0,0,0.0,0.0
2023,120.635,24.105,73,892.535337222067,0,0,0,0.0,0.0
2023,120.635,24.115,45,436.9035137317651,0,0,0,0.0,0.0
2023,120.635,24.125,18,150.68139964694902,0,0,0,0.0,0.0
2023,120.635,24.135,30,676.2087074191481,7,3,0,0.8812908992306927,0.0
2023,120.635,24.145,77,760.4775155004725,2,3,0,0.9709505944546686,0.0
2023,120.635,24.155,131,920.3180999807487,10,2,1,0.9912642605354288,0.0
2023,120.635,24.165,55,1261.5689282704518,6,6,1,1.3143204867061788,0.0
2023,120.635,24.175,178,543.1721756463572,8,3,0,0.8453509366224364,0.0
2023,120.635,24.185,33,550.9860910602555,3,1,0,0.8112781244591328,0.0
2023,120.635,24.195,0,0.0,0,0,0,0.0,0.0
2023,120.635,24.205,0,0.0,0,0,0,0.0,0.0
2023,120.645,24.085,12,1334.2479919261896,0,0,0,0.0,0.0
2023,120.645,24.095,43,1055.512528402003,0,0,0,0.0,0.0
2023,120.645,24.105,26,545.3600653351364,0,1,0,-0.0,0.0
2023,120.645,24.115,28,683.2967326581268,3,0,0,-0.0,0.0
2023,120.645,24.125,5,2151.332798273538,0,1,0,-0.0,0.0
2023,120.645,24.135,148,798.9922704313348,29,4,0,0.5328350630342233,0.0
2023,120.645,24.145,134,841.4874102187592,16,9,1,1.141619525334138,0.0
2023,120.645,24.155,112,1037.1084821048942,19,4,0,0.6665783579949205,0.0
2023,120.645,24.165,83,1439.8720667917355,10,6,0,0.954434002924965,0.0
2023,120.645,24.175,259,611.3191273705463,16,8,1,1.1238561897747246,0.0
2023,120.645,24.185,116,923.0830846455449,8,1,1,0.9219280948873623,0.0
2023,120.645,24.195,10,1151.7298208769523,3,0,0,-0.0,0.0
2023,120.645,24.205,0,0.0,0,0,0,0.0,0.0
2023,120.655,24.085,5,645.604226725024,0,0,0,0.0,0.0
2023,120.655,24.095,7,799.1348426595697,1,1,0,1.0,0.0
2023,120.655,24.105,11,1032.137511845338,1,0,0,-0.0,0.0
2023,120.655,24.115,62,854.315649502109,6,3,0,0.9182958340544896,0.0
2023,120.655,24.125,33,949.3097190449558,0,0,1,-0.0,0.0
2023,120.655,24.135,53,836.8685389529046,2,1,0,0.9182958340544896,0.0
2023,120.655,24.145,77,537.6834171380501,5,1,0,0.6500224216483541,0.0
2023,120.655,24.155,139,624.5651278053771,22,1,0,0.2580186686648155,0.0
2023,120.655,24.165,64,816.0691294451757,13,5,1,1.1050139971135322,0.0
2023,120.655,24.175,17,1178.7715180849411,2,6,0,0.8112781244591328,0.0
2023,120.655,24.185,5,1793.6840373345954,2,1,0,0.9182958340544896,0.0
2023,120.655,24.195,30,2220.4630032175114,2,2,0,1.0,0.0
2023,120.655,24.205,10,1614.2360097757173,4,2,0,0.9182958340544896,0.0
2023,120.665,24.085,5,345.10936861325297,1,0,0,-0.0,0.0
2023,120.665,24.095,6,409.848931727629,2,0,0,-0.0,0.0
2023,120.665,24.105,31,912.2113170495179,0,0,0,0.0,0.0
2023,120.665,24.115,133,793.5193053481867,8,2,1,1.0957952550009336,0.0
2023,120.665,24.125,22,1340.730556615804,0,0,0,0.0,0.0
2023,120.665,24.135,41,694.1834873895151,1,2,0,0.9182958340544896,0.0
2023,120.665,24.145,65,1053.035522256604,9,0,0,-0.0,0.0
2023,120.665,24.155,228,666.424083690786,11,6,0,0.9366673818775626,0.0
2023,120.665,24.165,58,603.3949328240939,2,3,0,0.9709505944546686,0.0
2023,120.665,24.175,142,492.0907235275665,12,3,0,0.7219280948873623,0.0
2023,120.665,24.185,46,536.1105825920667,6,1,0,0.5916727785823275,0.0
2023,120.665,24.195,10,894.2517038452912,0,0,0,0.0,0.0
2023,120.665,24.205,5,1614.9116813476344,0,0,0,0.0,0.0
2023,120.675,24.085,174,654.3418022882424,1,0,0,-0.0,0.0
2023,120.675,24.095,42,781.1541251996571,6,0,0,-0.0,0.0
2023,120.675,24.105,91,829.0798187778388,3,1,0,0.8112781244591328,0.0
2023,120.675,24.115,135,626.4668996626704,6,8,3,1.4836591643979626,0.0
2023,120.675,24.125,72,1400.9008561517696,5,1,0,0.6500224216483541,0.0
2023,120.675,24.135,74,1024.831101866768,13,1,0,0.37123232664087563,0.0
2023,120.675,24.145,97,854.618945868675,16,1,0,0.3227569588973982,0.0
2023,120.675,24.155,390,176.88190946078598,8,0,0,-0.0,0.0
2023,120.675,24.165,433,255.59204995295198,2,4,0,0.9182958340544896,0.0
2023,120.675,24.175,207,419.7102827126834,20,5,1,0.9293550115186283,0.0
2023,120.675,24.185,20,1155.4341632269377,2,0,0,-0.0,0.0
2023,120.675,24.195,12,795.5264550223354,2,0,0,-0.0,0.0
2023,120.675,24.205,4,2637.04803100196,0,1,0,-0.0,0.0
2023,120.685,24.085,207,402.74495743790834,0,0,0,0.0,0.0
2023,120.685,24.095,44,1352.2630970160144,2,8,0,0.7219280948873623,0.0
2023,120.685,24.105,210,562.3755016233047,12,11,2,1.3209242772281589,0.0
2023,120.685,24.115,209,399.435399454775,5,4,0,0.9910760598382222,0.0
2023,120.685,24.125,199,471.03369471133453,3,0,1,0.8112781244591328,0.0
2023,120.685,24.135,294,454.1345142314712,31,15,0,0.9108783787500366,0.0
2023,120.685,24.145,146,699.9996760123084,16,3,1,0.8841837197791889,0.0
2023,120.685,24.155,355,390.83318297676414,17,4,1,0.9373012413074896,0.0
2023,120.685,24.165,617,183.23585267095908,16,6,0,0.8453509366224364,0.0
2023,120.685,24.175,1464,182.96424789066378,36,11,1,0.9147323370350411,0.0
2023,120.685,24.185,125,590.8078737362765,23,3,0,0.5159469300074474,0.0
2023,120.685,24.195,280,321.38795749614246,9,0,0,-0.0,0.0
2023,120.685,24.205,2,8100.698358616042,0,0,0,0.0,0.0
2023,120.695,24.085,416,216.27132673286576,9,1,0,0.4689955935892812,0.0
2023,120.695,24.095,18,410.2090535030351,3,2,0,0.9709505944546686,0.0
2023,120.695,24.105,127,699.3109989922319,0,1,0,-0.0,0.0
2023,120.695,24.115,61,1056.8639091856355,5,2,0,0.863120568566631,0.0
2023,120.695,24.125,51,523.0949010524138,1,0,0,-0.0,0.0
2023,120.695,24.135,27,1717.123230228463,2,0,0,-0.0,0.0
2023,120.695,24.145,77,553.9149138248624,3,1,0,0.8112781244591328,0.0
2023,120.695,24.155,246,404.59191439314344,8,4,1,1.2389012566026305,0.0
2023,120.695,24.165,200,343.77968733847047,11,2,0,0.6193821946787638,0.0
2023,120.695,24.175,851,207.46415276906131,10,7,0,0.9774178175281716,15.97785831500217
2023,120.695,24.185,152,331.15280545728297,2,0,0,-0.0,0.0
2023,120.695,24.195,14,1420.8546385880488,0,0,0,0.0,0.0
2023,120.695,24.205,0,0.0,0,0,0,0.0,0.0
2023,120.705,24.085,20,761.3043337248554,5,0,0,-0.0,0.0
2023,120.705,24.095,22,903.2019012078079,3,2,0,0.9709505944546686,0.0
2023,120.705,24.105,25,355.42038470649715,0,0,0,0.0,0.0
2023,120.705,24.115,34,1658.8204779948373,0,0,0,0.0,0.0
2023,120.705,24.125,6,2684.939764455146,0,0,0,0.0,0.0
2023,120.705,24.135,5,2228.2418613237655,4,0,0,-0.0,0.0
2023,120.705,24.145,37,977.1253292046862,8,2,2,1.2516291673878228,0.0
2023,120.705,24.155,112,591.4116040491353,1,1,0,1.0,0.0
2023,120.705,24.165,39,1582.9137533835938,6,0,0,-0.0,0.0
2023,120.705,24.175,472,98.62559888287159,2,1,0,0.9182958340544896,0.0
2023,120.705,24.185,55,1433.492614213773,3,2,0,0.9709505944546686,0.0
2023,120.705,24.195,141,250.01431355318914,1,0,0,-0.0,0.0
2023,120.705,24.205,77,773.409604007576,4,2,1,1.3787834934861753,0.0
2023,120.715,24.085,5,809.7137454313826,0,0,0,0.0,0.0
2023,120.715,24.095,18,2129.6488362966734,3,0,1,0.8112781244591328,0.0
2023,120.715,24.105,4,1667.3437506265104,2,1,0,0.9182958340544896,0.0
2023,120.715,24.115,25,1432.8965994808677,1,0,0,-0.0,0.0
2023,120.715,24.125,46,788.0345930364299,5,3,0,0.954434002924965,0.0
2023,120.715,24.135,6,1636.1382380075054,1,0,0,-0.0,0.0
2023,120.715,24.145,74,362.2870670191355,7,1,0,0.5435644431995964,0.0
2023,120.715,24.155,319,257.7000633235279,2,0,2,1.0,0.0
2023,120.715,24.165,48,1263.6516446031067,2,1,0,0.9182958340544896,0.0
2023,120.715,24.175,207,340.3548618013593,4,5,1,1.3609640474436813,0.0
2023,120.715,24.185,48,513.5415126577741,0,1,0,-0.0,0.0
2023,120.715,24.195,21,1195.007820083254,2,1,0,0.9182958340544896,0.0
2023,120.715,24.205,8,1169.727921692921,0,0,0,0.0,0.0
2023,120.725,24.085,5,1151.2681492687232,0,0,0,0.0,0.0
2023,120.725,24.095,2,1377.3719488331342,0,0,0,0.0,0.0
2023,120.725,24.105,11,1167.8124467410898,2,1,1,1.5,0.0
2023,120.725,24.115,12,1350.8044944182227,0,0,0,0.0,0.0
2023,120.725,24.125,14,1049.7082224146955,0,1,0,-0.0,0.0
2023,120.725,24.135,142,111.72005510696061,0,1,0,-0.0,0.0
2023,120.725,24.145,17,2088.939878272828,0,0,0,0.0,0.0
2023,120.725,24.155,153,247.74350154048662,4,0,0,-0.0,0.0
2023,120.725,24.165,87,410.4299921691357,3,0,0,-0.0,0.0
2023,120.725,24.175,274,352.03351200462157,28,9,1,0.95489428105954,0.0
2023,120.725,24.185,60,416.71047525576193,9,1,0,0.4689955935892812,0.0
2023,120.725,24.195,33,917.5341070784524,0,1,0,-0.0,0.0
2023,120.725,24.205,24,1461.413201796884,2,0,0,-0.0,0.0
2023,120.735,24.085,5,149.2592724502312,0,0,0,0.0,0.0
2023,120.735,24.095,16,1245.80220513377,0,0,0,0.0,0.0
2023,120.735,24.105,0,0.0,0,0,0,0.0,0.0
2023,120.735,24.115,13,791.4639859463742,1,0,0,-0.0,0.0
2023,120.735,24.125,4,1033.3681415462875,2,0,0,-0.0,0.0
2023,120.735,24.135,32,71.7957882085176,0,1,0,-0.0,0.0
2023,120.735,24.145,219,191.8626478035753,4,2,0,0.9182958340544896,0.0
2023,120.735,24.155,391,196.75716387318008,2,0,0,-0.0,0.0
2023,120.735,24.165,97,265.29965240422445,0,0,0,0.0,0.0
2023,120.735,24.175,71,434.19300935782496,2,0,2,1.0,0.0
2023,120.735,24.185,18,104.4820543655232,0,0,0,0.0,0.0
2023,120.735,24.195,24,191.2143241039868,0,0,0,0.0,0.0
2023,120.735,24.205,2,269.25917504408494,0,0,0,0.0,0.0
2023,120.745,24.085,0,0.0,0,0,0,0.0,0.0
2023,120.745,24.095,0,0.0,0,0,0,0.0,0.0
2023,120.745,24.105,0,0.0,0,0,0,0.0,0.0
2023,120.745,24.115,2,492.49133355153157,0,0,0,0.0,0.0
2023,120.745,24.125,95,108.35171358476572,0,0,0,0.0,0.0
2023,120.745,24.135,51,140.25432804589758,0,0,0,0.0,0.0
2023,120.745,24.145,0,0.0,0,0,0,0.0,0.0
2023,120.745,24.155,43,240.43844525388766,0,0,0,0.0,0.0
2023,120.745,24.165,77,202.03633212083528,3,0,0,-0.0,0.0
2023,120.745,24.175,116,122.28230432905931,2,0,0,-0.0,0.0
2023,120.745,24.185,67,193.20927243537784,2,0,0,-0.0,0.0
2023,120.745,24.195,154,196.31296954873864,3,0,0,-0.0,0.0
2023,120.745,24.205,45,144.1511728474747,1,0,0,-0.0,0.0
2023,120.755,24.085,0,0.0,0,0,0,0.0,0.0
2023,120.755,24.095,0,0.0,0,0,0,0.0,0.0
2023,120.755,24.105,0,0.0,0,0,0,0.0,0.0
2023,120.755,24.115,34,151.18327610264896,0,0,0,0.0,0.0
2023,120.755,24.125,79,129.5851684399761,3,0,0,-0.0,0.0
2023,120.755,24.135,0,0.0,0,0,0,0.0,0.0
2023,120.755,24.145,0,0.0,0,0,0,0.0,0.0
2023,120.755,24.155,1,688.2328634705644,0,0,0,0.0,0.0
2023,120.755,24.165,35,382.9400285000657,0,0,0,0.0,0.0
2023,120.755,24.175,68,199.87684715137,0,0,0,0.0,0.0
2023,120.755,24.185,84,158.08809510155365,0,0,0,0.0,0.0
2023,120.755,24.195,3,628.8531868798894,2,0,0,-0.0,0.0
2023,120.755,24.205,25,293.75447924833554,3,0,0,-0.0,0.0
2024,120.615,24.085,0,0.0,0,0,0,0.0,0.0
2024,120.615,24.095,2,3433.8623857634457,0,0,0,0.0,0.0
2024,120.615,24.105,30,2134.5380610372463,0,0,0,0.0,0.0
2024,120.615,24.115,13,7916.22773683865,5,0,0,-0.0,0.0
2024,120.615,24.125,1,25.138476197696505,0,0,0,0.0,0.0
2024,120.615,24.135,17,571.8893127567156,5,0,0,-0.0,0.0
2024,120.615,24.145,239,225.73621157679028,2,4,0,0.9182958340544896,0.0
2024,120.615,24.155,6,983.5657495191539,1,1,0,1.0,0.0
2024,120.615,24.165,8,920.154602697568,2,0,0,-0.0,0.0
2024,120.615,24.175,101,522.9056399513587,9,2,0,0.6840384356390417,0.0
2024,120.615,24.185,190,606.3829078530197,13,17,2,1.2627317300909384,0.0
2024,120.615,24.195,54,2475.6871370962344,1,0,0,-0.0,0.0
2024,120.615,24.205,21,16009.455090465992,0,0,0,0.0,0.0
2024,120.625,24.085,8,1177.1317152185109,0,0,0,0.0,0.0
2024,120.625,24.095,30,830.4419257135454,0,0,0,0.0,0.0
2024,120.625,24.105,77,722.8925151653899,11,1,1,0.7732283485249176,0.0
2024,120.625,24.115,54,1004.7236882354676,4,0,0,-0.0,0.0
2024,120.625,24.125,11,303.2285529407361,1,0,0,-0.0,0.0
2024,120.625,24.135,55,102.11059638559159,1,0,0,-0.0,0.0
2024,120.625,24.145,146,284.07592233043863,2,1,0,0.9182958340544896,0.0
2024,120.625,24.155,56,299.801235207576,5,0,0,-0.0,0.0
2024,120.625,24.165,27,704.9858252452439,1,0,0,-0.0,0.0
2024,120.625,24.175,87,737.4208351432947,12,10,0,0.9940302114769565,0.0
2024,120.625,24.185,56,793.2996774832002,7,2,2,1.3092966682370037,0.0
2024,120.625,24.195,2,389.03106798125657,2,0,0,-0.0,0.0
2024,120.625,24.205,5,15594.669253741158,0,0,0,0.0,0.0
2024,120.635,24.085,27,1243.1921458363524,0,0,0,0.0,0.0
2024,120.635,24.095,125,636.295704248416,0,0,0,0.0,0.0
2024,120.635,24.105,88,874.5833750964564,1,0,0,-0.0,0.0
2024,120.635,24.115,84,311.1993533340127,0,0,0,0.0,0.0
2024,120.635,24.125,17,145.10142837638392,0,0,0,0.0,0.0
2024,120.635,24.135,30,676.208707419148,7,3,0,0.8812908992306927,0.0
2024,120.635,24.145,83,790.9728437394673,2,6,0,0.8112781244591328,0.0
2024,120.635,24.155,158,822.3198695116281,11,2,2,1.103307408607834,0.0
2024,120.635,24.165,74,1048.9889877924445,7,6,1,1.2958363892911637,0.0
2024,120.635,24.175,179,548.5558915275876,8,3,0,0.8453509366224364,0.0
2024,120.635,24.185,34,558.2216969127303,3,2,0,0.9709505944546686,0.0
2024,120.635,24.195,0,0.0,0,0,0,0.0,0.0
2024,120.635,24.205,0,0.0,0,0,0,0.0,0.0
2024,120.645,24.085,12,1334.2479919261896,0,0,0,0.0,0.0
2024,120.645,24.095,43,1055.512528404196,0,0,0,0.0,0.0
2024,120.645,24.105,32,508.02677509739743,2,1,0,0.9182958340544896,0.0
2024,120.645,24.115,29,672.396991619458,4,0,0,-0.0,0.0
2024,120.645,24.125,6,2216.8328220329554,0,1,0,-0.0,0.0
2024,120.645,24.135,148,798.9922704313349,29,4,0,0.5328350630342233,0.0
2024,120.645,24.145,134,841.4914786886628,16,9,1,1.141619525334138,0.0
2024,120.645,24.155,134,899.5141108967891,19,3,0,0.5746356978376794,0.0
2024,120.645,24.165,83,1427.5026231345926,10,6,0,0.954434002924965,0.0
2024,120.645,24.175,259,607.2508103290294,16,7,1,1.0994839817876882,0.0
2024,120.645,24.185,128,866.7315067567213,10,3,2,1.2419460322060458,0.0
2024,120.645,24.195,10,1151.7298208769523,3,0,0,-0.0,0.0
2024,120.645,24.205,0,0.0,0,0,0,0.0,0.0
2024,120.655,24.085,5,645.604226725024,0,0,0,0.0,0.0
2024,120.655,24.095,7,799.1374967584342,1,1,0,1.0,0.0
2024,120.655,24.105,11,1032.137511845338,1,0,0,-0.0,0.0
2024,120.655,24.115,67,905.954962720226,7,4,0,0.9456603046006401,0.0
2024,120.655,24.125,33,949.3097190449558,0,0,1,-0.0,0.0
2024,120.655,24.135,53,764.0011522206952,2,1,0,0.9182958340544896,0.0
2024,120.655,24.145,93,510.319875208605,5,1,0,0.6500224216483541,0.0
2024,120.655,24.155,187,486.26993830292275,21,1,0,0.26676498780302604,0.0
2024,120.655,24.165,65,804.4668722336651,13,6,1,1.1411535278793055,0.0
2024,120.655,24.175,19,1219.40657700405,2,6,0,0.8112781244591328,0.0
2024,120.655,24.185,5,1793.6840373345954,2,1,0,0.9182958340544896,0.0
2024,120.655,24.195,31,2187.2860602885694,2,3,0,0.9709505944546686,0.0
2024,120.655,24.205,9,1411.9222589340638,2,2,0,1.0,0.0
2024,120.665,24.085,5,345.10936861325297,1,0,0,-0.0,0.0
2024,120.665,24.095,8,569.6074814389713,3,0,0,-0.0,0.0
2024,120.665,24.105,31,912.2113170495178,0,0,0,0.0,0.0
2024,120.665,24.115,133,805.3555456144956,7,3,1,1.2406705316766884,0.0
2024,120.665,24.125,22,1337.863122100881,0,0,0,0.0,0.0
2024,120.665,24.135,66,512.8895298177104,1,2,0,0.9182958340544896,0.0
2024,120.665,24.145,158,540.9247015826571,9,0,0,-0.0,0.0
2024,120.665,24.155,231,663.8946403279899,11,6,0,0.9366673818775626,0.0
2024,120.665,24.165,109,585.2682783519366,3,3,0,1.0,0.0
2024,120.665,24.175,148,471.8706293465269,10,4,0,0.863120568566631,0.0
2024,120.665,24.185,46,536.1105825920669,6,1,0,0.5916727785823275,0.0
2024,120.665,24.195,10,894.2517038452912,0,0,0,0.0,0.0
2024,120.665,24.205,4,1052.9366888405611,0,0,0,0.0,0.0
2024,120.675,24.085,174,654.3418022882425,1,0,0,-0.0,0.0
2024,120.675,24.095,43,764.6387493102138,7,0,0,-0.0,0.0
2024,120.675,24.105,92,828.0245145060225,3,1,0,0.8112781244591328,0.0
2024,120.675,24.115,155,640.0902246659389,6,8,3,1.4836591643979626,0.0
2024,120.675,24.125,77,1326.182382210863,5,1,0,0.6500224216483541,0.0
2024,120.675,24.135,129,700.2543653572835,10,1,0,0.4394969869215134,0.0
2024,120.675,24.145,108,830.6138947839439,17,0,0,-0.0,0.0
2024,120.675,24.155,415,186.99879586862048,9,0,0,-0.0,0.0
2024,120.675,24.165,439,270.34907217967947,3,5,0,0.954434002924965,0.0
2024,120.675,24.175,403,249.93384768089172,19,5,1,0.9510456605801272,0.0
2024,120.675,24.185,43,668.5698814819123,2,0,0,-0.0,0.0
2024,120.675,24.195,7,1599.8146057697857,2,0,0,-0.0,0.0
2024,120.675,24.205,141,200.3019625369508,0,1,0,-0.0,0.0
2024,120.685,24.085,206,403.6338884050269,0,0,0,0.0,0.0
2024,120.685,24.095,44,1352.2630970160144,2,8,0,0.7219280948873623,0.0
2024,120.685,24.105,240,544.3794931526475,12,11,2,1.3209242772281589,0.0
2024,120.685,24.115,226,385.0919160949629,5,4,0,0.9910760598382222,0.0
2024,120.685,24.125,198,459.82221654639136,3,0,1,0.8112781244591328,0.0
2024,120.685,24.135,299,456.352093817643,33,14,0,0.8786744932173093,0.0
2024,120.685,24.145,152,686.6175167017788,16,3,1,0.8841837197791889,0.0
2024,120.685,24.155,463,321.9518281283975,18,4,1,0.9123163027543337,0.0
2024,120.685,24.165,1397,131.43581991085875,14,8,0,0.9456603046006401,0.0
2024,120.685,24.175,1722,165.77409964274705,31,13,1,1.009946386155734,0.0
2024,120.685,24.185,135,617.609760686916,24,3,0,0.5032583347756457,0.0
2024,120.685,24.195,280,321.3879574961425,9,0,0,-0.0,0.0
2024,120.685,24.205,41,1021.8722570708333,0,0,0,0.0,0.0
2024,120.695,24.085,418,216.47555654532022,9,1,0,0.4689955935892812,0.0
2024,120.695,24.095,17,304.3588774847473,3,2,0,0.9709505944546686,0.0
2024,120.695,24.105,139,636.0614245461338,0,1,0,-0.0,0.0
2024,120.695,24.115,61,1030.6591693067526,5,2,0,0.863120568566631,0.0
2024,120.695,24.125,59,503.88089014944075,2,0,0,-0.0,0.0
2024,120.695,24.135,41,2121.33986361411,4,1,0,0.7219280948873623,0.0
2024,120.695,24.145,101,501.90462940549486,3,1,0,0.8112781244591328,0.0
2024,120.695,24.155,308,368.7033602325207,8,4,1,1.2389012566026305,0.0
2024,120.695,24.165,754,182.4242131978765,12,2,0,0.5916727785823275,0.0
2024,120.695,24.175,892,202.46179887154466,10,10,0,1.0,15.97785831500217
2024,120.695,24.185,152,331.15280545728297,2,0,0,-0.0,0.0
2024,120.695,24.195,43,541.0192870973648,0,0,0,0.0,0.0
2024,120.695,24.205,1,245.0608931768789,0,0,0,0.0,0.0
2024,120.705,24.085,22,780.7797568930685,5,0,0,-0.0,0.0
2024,120.705,24.095,24,913.0011668992883,3,3,0,1.0,0.0
2024,120.705,24.105,25,355.42038470649715,0,0,0,0.0,0.0
2024,120.705,24.115,34,1658.8204779948373,0,0,0,0.0,0.0
2024,120.705,24.125,24,1196.3688600847436,1,0,0,-0.0,0.0
2024,120.705,24.135,5,2228.2418613237655,4,0,0,-0.0,0.0
2024,120.705,24.145,50,891.3390796345828,8,2,2,1.2516291673878228,0.0
2024,120.705,24.155,114,582.650652710708,1,2,0,0.9182958340544896,0.0
2024,120.705,24.165,198,365.27650991706463,7,0,0,-0.0,0.0
2024,120.705,24.175,548,100.89614171188786,2,1,0,0.9182958340544896,0.0
2024,120.705,24.185,70,1192.3431624676164,5,4,0,0.9910760598382222,0.0
2024,120.705,24.195,223,329.4498806840379,1,0,0,-0.0,0.0
2024,120.705,24.205,101,718.75766978444,4,2,1,1.3787834934861753,0.0
2024,120.715,24.085,6,785.5680541719513,0,0,0,0.0,0.0
2024,120.715,24.095,20,1651.8972663509019,2,0,1,0.9182958340544896,0.0
2024,120.715,24.105,36,265.2762696371417,2,1,0,0.9182958340544896,0.0
2024,120.715,24.115,25,1432.8965994808677,1,0,0,-0.0,0.0
2024,120.715,24.125,46,788.0345930364298,5,3,0,0.954434002924965,0.0
2024,120.715,24.135,11,1197.252675251774,1,0,0,-0.0,0.0
2024,120.715,24.145,76,368.1411201767381,7,1,0,0.5435644431995964,0.0
2024,120.715,24.155,323,264.04237618507574,2,0,2,1.0,0.0
2024,120.715,24.165,58,1050.2043822274602,2,1,0,0.9182958340544896,0.0
2024,120.715,24.175,251,301.7714887943271,4,5,1,1.3609640474436813,0.0
2024,120.715,24.185,60,428.434568833793,0,1,0,-0.0,0.0
2024,120.715,24.195,22,1299.3798843284349,2,1,0,0.9182958340544896,0.0
2024,120.715,24.205,11,866.7625388230913,0,0,0,0.0,0.0
2024,120.725,24.085,6,1062.9353266110465,0,0,0,0.0,0.0
2024,120.725,24.095,3,4593.0363295715515,0,0,0,0.0,0.0
2024,120.725,24.105,39,678.6810447282314,2,1,1,1.5,0.0
2024,120.725,24.115,12,1350.8044944182227,0,0,0,0.0,0.0
2024,120.725,24.125,15,1011.0245589820199,1,1,0,1.0,0.0
2024,120.725,24.135,142,111.72005510696063,0,1,0,-0.0,0.0
2024,120.725,24.145,16,1999.7316865048856,0,0,0,0.0,0.0
2024,120.725,24.155,153,247.74350154048662,4,0,0,-0.0,0.0
2024,120.725,24.165,92,425.95597524197063,4,0,0,-0.0,0.0
2024,120.725,24.175,286,346.39559176530577,29,9,1,0.9415362221524946,0.0
2024,120.725,24.185,60,416.7104752557619,9,1,0,0.4689955935892812,0.0
2024,120.725,24.195,140,274.34987510818206,0,1,0,-0.0,0.0
2024,120.725,24.205,24,1461.413201796884,2,0,0,-0.0,0.0
2024,120.735,24.085,5,149.2592724502312,0,0,0,0.0,0.0
2024,120.735,24.095,17,1821.0117866581588,0,0,0,0.0,0.0
2024,120.735,24.105,0,0.0,0,0,0,0.0,0.0
2024,120.735,24.115,13,791.4639859463742,1,0,0,-0.0,0.0
2024,120.735,24.125,4,1033.3681415462875,2,0,0,-0.0,0.0
2024,120.735,24.135,32,71.79578820851759,0,1,0,-0.0,0.0
2024,120.735,24.145,218,177.0719286118357,4,2,0,0.9182958340544896,0.0
2024,120.735,24.155,391,196.7571638731801,2,0,0,-0.0,0.0
2024,120.735,24.165,97,265.29965240422445,0,0,0,0.0,0.0
2024,120.735,24.175,70,435.6192937834029,2,0,1,0.9182958340544896,0.0
2024,120.735,24.185,18,108.48187803193666,0,0,0,0.0,0.0
2024,120.735,24.195,25,200.71727795477594,1,0,0,-0.0,0.0
2024,120.735,24.205,40,133.55721463135635,0,0,0,0.0,0.0
2024,120.745,24.085,0,0.0,0,0,0,0.0,0.0
2024,120.745,24.095,0,0.0,0,0,0,0.0,0.0
2024,120.745,24.105,0,0.0,0,0,0,0.0,0.0
2024,120.745,24.115,2,492.49133355153157,0,0,0,0.0,0.0
2024,120.745,24.125,95,108.35171358476576,0,0,0,0.0,0.0
2024,120.745,24.135,51,140.2543280458976,0,0,0,0.0,0.0
2024,120.745,24.145,0,0.0,0,0,0,0.0,0.0
2024,120.745,24.155,43,240.43844525388764,0,0,0,0.0,0.0
2024,120.745,24.165,88,217.43279544000754,3,0,0,-0.0,0.0
2024,120.745,24.175,117,122.02170189374468,3,0,0,-0.0,0.0
2024,120.745,24.185,67,193.20927243537784,2,0,0,-0.0,0.0
2024,120.745,24.195,155,200.88061882538224,4,0,0,-0.0,0.0
2024,120.745,24.205,53,135.79436480981553,1,0,0,-0.0,0.0
2024,120.755,24.085,0,0.0,0,0,0,0.0,0.0
2024,120.755,24.095,0,0.0,0,0,0,0.0,0.0
2024,120.755,24.105,0,0.0,0,0,0,0.0,0.0
2024,120.755,24.115,34,151.18327610264896,0,0,0,0.0,0.0
2024,120.755,24.125,79,129.5851684399761,3,0,0,-0.0,0.0
2024,120.755,24.135,0,0.0,0,0,0,0.0,0.0
2024,120.755,24.145,0,0.0,0,0,0,0.0,0.0
2024,120.755,24.155,1,688.2328634705644,0,0,0,0.0,0.0
2024,120.755,24.165,35,382.9400285000657,0,0,0,0.0,0.0
2024,120.755,24.175,68,199.87684715137,0,0,0,0.0,0.0
2024,120.755,24.185,84,158.08809510155365,0,0,0,0.0,0.0
2024,120.755,24.195,3,628.8531868798894,2,0,0,-0.0,0.0
2024,120.755,24.205,25,293.75447924833554,3,0,0,-0.0,0.0
2025,120.615,24.085,0,0.0,0,0,0,0.0,0.0
2025,120.615,24.095,2,3433.8623857634457,0,0,0,0.0,0.0
2025,120.615,24.105,32,1676.9512711797493,0,0,0,0.0,0.0
2025,120.615,24.115,24,3688.749091581741,5,0,0,-0.0,0.0
2025,120.615,24.125,1,25.138476197696505,0,0,0,0.0,0.0
2025,120.615,24.135,20,597.9926810796284,4,0,0,-0.0,0.0
2025,120.615,24.145,237,227.3827811829259,2,4,0,0.9182958340544896,0.0
2025,120.615,24.155,6,888.0244033382447,0,1,0,-0.0,0.0
2025,120.615,24.165,8,850.1486777353946,2,0,0,-0.0,0.0
2025,120.615,24.175,103,638.22200315547,9,2,0,0.6840384356390417,0.0
2025,120.615,24.185,188,597.790884235715,12,17,2,1.2604408810349512,0.0
2025,120.615,24.195,55,2436.780292475687,1,0,0,-0.0,0.0
2025,120.615,24.205,24,14178.78207629502,0,0,0,0.0,0.0
2025,120.625,24.085,8,1177.1317152185109,0,0,0,0.0,0.0
2025,120.625,24.095,31,811.8008332938888,0,0,0,0.0,0.0
2025,120.625,24.105,268,225.8633626431186,12,2,1,0.9055872616982603,0.0
2025,120.625,24.115,82,719.3610397696381,4,0,0,-0.0,0.0
2025,120.625,24.125,11,303.2285529407361,1,0,0,-0.0,0.0
2025,120.625,24.135,57,116.39023380754269,1,0,0,-0.0,0.0
2025,120.625,24.145,148,290.1981582262166,2,1,0,0.9182958340544896,0.0
2025,120.625,24.155,56,299.801235207576,5,0,0,-0.0,0.0
2025,120.625,24.165,27,689.5211289508503,1,0,0,-0.0,0.0
2025,120.625,24.175,105,637.6218704315132,13,10,0,0.9876925088958034,0.0
2025,120.625,24.185,62,798.8472193458875,7,2,2,1.3092966682370037,0.0
2025,120.625,24.195,2,389.03106798125657,2,0,0,-0.0,0.0
2025,120.625,24.205,12,6983.465960956243,0,0,0,0.0,0.0
2025,120.635,24.085,27,1243.1921458363522,0,0,0,0.0,0.0
2025,120.635,24.095,127,631.4694151007217,1,0,0,-0.0,0.0
2025,120.635,24.105,88,873.646956457937,1,0,0,-0.0,0.0
2025,120.635,24.115,132,367.3628407968447,0,0,0,0.0,0.0
2025,120.635,24.125,17,145.10142837638392,0,0,0,0.0,0.0
2025,120.635,24.135,29,652.7155882097697,6,3,0,0.9182958340544896,0.0
2025,120.635,24.145,83,791.4141951505496,2,6,0,0.8112781244591328,0.0
2025,120.635,24.155,159,807.0541659118737,12,2,2,1.061278124459133,0.0
2025,120.635,24.165,73,1030.7552390433514,7,5,1,1.2957378005380122,0.0
2025,120.635,24.175,181,531.3045046622,7,3,0,0.8812908992306927,0.0
2025,120.635,24.185,35,567.252453512606,3,2,0,0.9709505944546686,0.0
2025,120.635,24.195,0,0.0,0,0,0,0.0,0.0
2025,120.635,24.205,0,0.0,0,0,0,0.0,0.0
2025,120.645,24.085,12,1334.2479919261896,0,0,0,0.0,0.0
2025,120.645,24.095,44,1035.306744733861,0,0,0,0.0,0.0
2025,120.645,24.105,33,506.59740673560515,3,1,0,0.8112781244591328,0.0
2025,120.645,24.115,30,645.3465493662053,5,0,0,-0.0,0.0
2025,120.645,24.125,8,1925.6174724719956,0,1,0,-0.0,0.0
2025,120.645,24.135,151,804.9393413462033,30,3,0,0.4394969869215134,0.0
2025,120.645,24.145,135,830.9662084631135,16,9,1,1.141619525334138,0.0
2025,120.645,24.155,133,888.8533882754343,19,3,0,0.5746356978376794,0.0
2025,120.645,24.165,86,1409.86395814786,10,6,0,0.954434002924965,0.0
2025,120.645,24.175,259,606.9969268381628,16,7,1,1.0994839817876882,0.0
2025,120.645,24.185,129,861.5714524014329,11,3,2,1.1994602933016414,0.0
2025,120.645,24.195,11,1194.141674781521,3,0,0,-0.0,0.0
2025,120.645,24.205,0,0.0,0,0,0,0.0,0.0
2025,120.655,24.085,5,645.604226725024,0,0,0,0.0,0.0
2025,120.655,24.095,7,799.1374967584343,1,1,0,1.0,0.0
2025,120.655,24.105,11,1032.1375118453377,1,0,0,-0.0,0.0
2025,120.655,24.115,74,853.0224917311057,8,4,0,0.9182958340544896,0.0
2025,120.655,24.125,36,1054.825141928156,2,0,1,0.9182958340544896,0.0
2025,120.655,24.135,53,764.0011522206952,1,1,0,1.0,0.0
2025,120.655,24.145,93,510.31982401763605,5,2,0,0.863120568566631,0.0
2025,120.655,24.155,186,472.59749091941853,21,1,0,0.26676498780302604,0.0
2025,120.655,24.165,67,851.150362513484,13,6,1,1.1411535278793055,0.0
2025,120.655,24.175,27,1193.2965988094093,2,6,0,0.8112781244591328,0.0
2025,120.655,24.185,9,2657.9084838140498,2,1,0,0.9182958340544896,0.0
2025,120.655,24.195,39,3130.6048160230057,2,3,0,0.9709505944546686,0.0
2025,120.655,24.205,9,1407.7590732082253,2,2,0,1.0,0.0
2025,120.665,24.085,5,345.10936861325297,1,0,0,-0.0,0.0
2025,120.665,24.095,8,569.6074814389713,3,0,0,-0.0,0.0
2025,120.665,24.105,32,880.329151801621,0,0,0,0.0,0.0
2025,120.665,24.115,134,791.0932036478931,7,4,1,1.2806721295208872,0.0
2025,120.665,24.125,38,1044.0446990384874,1,0,0,-0.0,0.0
2025,120.665,24.135,68,515.6239081977526,2,2,0,1.0,0.0
2025,120.665,24.145,190,479.40766800372097,9,0,0,-0.0,0.0
2025,120.665,24.155,232,656.1259060529367,13,6,0,0.8997437586982626,0.0
2025,120.665,24.165,110,583.7671986964291,3,3,0,1.0,0.0
2025,120.665,24.175,152,485.53841270009815,10,4,0,0.863120568566631,0.0
2025,120.665,24.185,52,528.1613494440718,5,1,0,0.6500224216483541,0.0
2025,120.665,24.195,17,830.0525043961425,0,0,0,0.0,0.0
2025,120.665,24.205,4,947.3402767551505,0,0,0,0.0,0.0
2025,120.675,24.085,174,654.2288744223539,1,0,0,-0.0,0.0
2025,120.675,24.095,67,573.9119915446183,8,0,0,-0.0,0.0
2025,120.675,24.105,92,824.6608881063653,3,1,0,0.8112781244591328,0.0
2025,120.675,24.115,155,638.8254275859566,6,8,3,1.4836591643979626,0.0
2025,120.675,24.125,82,1289.4452508710842,6,1,0,0.5916727785823275,0.0
2025,120.675,24.135,149,650.7996544067726,16,1,0,0.3227569588973982,0.0
2025,120.675,24.145,111,819.7732878375994,17,0,0,-0.0,0.0
2025,120.675,24.155,416,190.03945098697199,9,0,0,-0.0,0.0
2025,120.675,24.165,439,269.9842420477492,3,5,0,0.954434002924965,0.0
2025,120.675,24.175,406,250.3254118907553,19,5,1,0.9510456605801272,0.0
2025,120.675,24.185,48,780.9866026663407,2,0,0,-0.0,0.0
2025,120.675,24.195,11,1301.720029940122,2,0,0,-0.0,0.0
2025,120.675,24.205,142,198.97009768640095,0,1,0,-0.0,0.0
2025,120.685,24.085,206,403.632906565929,0,0,0,0.0,0.0
2025,120.685,24.095,45,1371.349064776161,2,8,1,1.0957952550009336,0.0
2025,120.685,24.105,286,499.72593216772003,11,11,2,1.3304835169703004,0.0
2025,120.685,24.115,223,389.13386547330794,5,4,0,0.9910760598382222,0.0
2025,120.685,24.125,198,459.8702630100575,3,0,1,0.8112781244591328,0.0
2025,120.685,24.135,309,494.6879939646552,31,13,0,0.8756633923230397,0.0
2025,120.685,24.145,182,667.7101326098352,17,3,1,0.8569957178540346,0.0
2025,120.685,24.155,466,297.6518422562331,19,3,1,0.8076702057269436,0.0
2025,120.685,24.165,1398,130.6767580423558,15,8,0,0.9321115676166747,0.0
2025,120.685,24.175,1750,166.93501553973013,31,13,1,1.009946386155734,0.0
2025,120.685,24.185,137,613.7946378069212,23,3,0,0.5159469300074474,0.0
2025,120.685,24.195,289,394.96614840826726,11,0,0,-0.0,0.0
2025,120.685,24.205,42,1450.715163519738,0,0,0,0.0,0.0
2025,120.695,24.085,418,216.50620781035218,8,1,0,0.5032583347756457,0.0
2025,120.695,24.095,19,335.8959571480275,4,2,0,0.9182958340544896,0.0
2025,120.695,24.105,140,641.6650025074383,0,2,0,-0.0,0.0
2025,120.695,24.115,61,1074.791674276958,5,2,0,0.863120568566631,0.0
2025,120.695,24.125,70,504.00284368590593,2,0,0,-0.0,0.0
2025,120.695,24.135,63,1484.5007275610903,6,2,0,0.8112781244591328,0.0
2025,120.695,24.145,101,511.0933972339357,4,1,0,0.7219280948873623,0.0
2025,120.695,24.155,312,330.40571516819574,8,4,1,1.2389012566026305,0.0
2025,120.695,24.165,755,181.62045322919394,12,2,0,0.5916727785823275,0.0
2025,120.695,24.175,1148,174.62495325245268,10,10,0,1.0,15.97785831500217
2025,120.695,24.185,161,366.6124724973388,2,0,0,-0.0,0.0
2025,120.695,24.195,57,583.980284742005,0,1,0,-0.0,0.0
2025,120.695,24.205,3,632.5909783297398,0,0,0,0.0,0.0
2025,120.705,24.085,22,780.7797568930685,5,0,0,-0.0,0.0
2025,120.705,24.095,24,913.001166899288,3,3,0,1.0,0.0
2025,120.705,24.105,26,346.6154077071544,0,0,0,0.0,0.0
2025,120.705,24.115,38,1549.3716781848168,0,0,0,0.0,0.0
2025,120.705,24.125,24,1196.3688600847436,1,0,0,-0.0,0.0
2025,120.705,24.135,5,2228.241861323765,4,0,0,-0.0,0.0
2025,120.705,24.145,51,816.036408000208,8,2,1,1.0957952550009336,0.0
2025,120.705,24.155,117,355.9660031016926,3,1,0,0.8112781244591328,0.0
2025,120.705,24.165,189,260.18791153645367,5,0,0,-0.0,0.0
2025,120.705,24.175,581,115.65885795626998,2,1,0,0.9182958340544896,0.0
2025,120.705,24.185,150,720.0573530842046,5,4,0,0.9910760598382222,0.0
2025,120.705,24.195,257,371.30506092419836,1,0,0,-0.0,0.0
2025,120.705,24.205,114,481.2413791583453,4,2,1,1.3787834934861753,0.0
2025,120.715,24.085,6,776.1977107060712,0,0,0,0.0,0.0
2025,120.715,24.095,20,1651.8972663509012,2,0,1,0.9182958340544896,0.0
2025,120.715,24.105,193,647.0202780386763,2,1,0,0.9182958340544896,0.0
2025,120.715,24.115,35,1301.2114606875098,1,0,0,-0.0,0.0
2025,120.715,24.125,47,772.9593811439906,5,3,0,0.954434002924965,0.0
2025,120.715,24.135,18,925.3156430496697,1,0,0,-0.0,0.0
2025,120.715,24.145,94,398.47600122055184,7,1,1,0.9864267287308424,0.0
2025,120.715,24.155,391,332.34640932867626,2,0,1,0.9182958340544896,0.0
2025,120.715,24.165,50,720.6379253999438,0,1,0,-0.0,0.0
2025,120.715,24.175,251,301.7829624394295,4,5,1,1.3609640474436813,0.0
2025,120.715,24.185,61,418.1775557725627,0,1,0,-0.0,0.0
2025,120.715,24.195,22,1326.7863032737587,2,1,0,0.9182958340544896,0.0
2025,120.715,24.205,12,789.1858857098091,1,0,0,-0.0,0.0
2025,120.725,24.085,6,1062.9353266110465,0,0,0,0.0,0.0
2025,120.725,24.095,21,1436.7898796454242,0,0,0,0.0,0.0
2025,120.725,24.105,64,1112.052830745783,2,1,1,1.5,0.0
2025,120.725,24.115,13,1325.0450163190217,0,0,0,0.0,0.0
2025,120.725,24.125,16,953.9984253738695,1,1,0,1.0,0.0
2025,120.725,24.135,142,111.7200551069606,0,1,0,-0.0,0.0
2025,120.725,24.145,17,2028.3101001908567,0,0,0,0.0,0.0
2025,120.725,24.155,166,292.8319896344899,4,0,0,-0.0,0.0
2025,120.725,24.165,98,470.1140193753944,4,0,0,-0.0,0.0
2025,120.725,24.175,287,345.0523631661711,29,10,1,0.969409849698032,0.0
2025,120.725,24.185,60,416.6858023640667,9,1,0,0.4689955935892812,0.0
2025,120.725,24.195,141,290.28099993787487,0,1,0,-0.0,0.0
2025,120.725,24.205,25,1445.6960046367185,2,0,0,-0.0,0.0
2025,120.735,24.085,8,537.9043813937745,0,0,0,0.0,0.0
2025,120.735,24.095,25,1494.9591362081712,0,0,0,0.0,0.0
2025,120.735,24.105,15,1053.596162815961,1,0,0,-0.0,0.0
2025,120.735,24.115,13,791.4639859463742,1,0,0,-0.0,0.0
2025,120.735,24.125,4,1033.3681415462877,2,0,0,-0.0,0.0
2025,120.735,24.135,32,71.7957882085176,0,1,0,-0.0,0.0
2025,120.735,24.145,218,177.0719286118357,4,2,0,0.9182958340544896,0.0
2025,120.735,24.155,403,226.64536954042913,2,0,0,-0.0,0.0
2025,120.735,24.165,97,265.29965240422445,0,0,0,0.0,0.0
2025,120.735,24.175,71,436.5794697238776,2,0,1,0.9182958340544896,0.0
2025,120.735,24.185,18,108.48187803193666,0,0,0,0.0,0.0
2025,120.735,24.195,25,200.71727795477594,1,0,0,-0.0,0.0
2025,120.735,24.205,40,133.55721463135637,0,0,0,0.0,0.0
2025,120.745,24.085,0,0.0,0,0,0,0.0,0.0
2025,120.745,24.095,0,0.0,0,0,0,0.0,0.0
2025,120.745,24.105,0,0.0,0,0,0,0.0,0.0
2025,120.745,24.115,2,294.73533385603554,0,0,0,0.0,0.0
2025,120.745,24.125,95,108.35171358476576,0,0,0,0.0,0.0
2025,120.745,24.135,53,156.0762467656506,0,0,0,0.0,0.0
2025,120.745,24.145,0,0.0,0,0,0,0.0,0.0
2025,120.745,24.155,47,316.3620740027878,0,0,0,0.0,0.0
2025,120.745,24.165,88,217.43279544000754,3,0,0,-0.0,0.0
2025,120.745,24.175,121,125.68869372217732,4,0,0,-0.0,0.0
2025,120.745,24.185,67,193.2092724353778,2,0,0,-0.0,0.0
2025,120.745,24.195,155,173.63723639531406,4,0,0,-0.0,0.0
2025,120.745,24.205,53,135.79436480981553,1,0,0,-0.0,0.0
2025,120.755,24.085,0,0.0,0,0,0,0.0,0.0
2025,120.755,24.095,0,0.0,0,0,0,0.0,0.0
2025,120.755,24.105,0,0.0,0,0,0,0.0,0.0
2025,120.755,24.115,34,151.18327610264896,0,0,0,0.0,0.0
2025,120.755,24.125,79,129.5851684399761,3,0,0,-0.0,0.0
2025,120.755,24.135,0,0.0,0,0,0,0.0,0.0
2025,120.755,24.145,0,0.0,0,0,0,0.0,0.0
2025,120.755,24.155,1,688.2328634705644,0,0,0,0.0,0.0
2025,120.755,24.165,35,382.9400285000657,0,0,0,0.0,0.0
2025,120.755,24.175,68,199.87684715137,0,0,0,0.0,0.0
2025,120.755,24.185,84,156.07646803754938,0,0,0,0.0,0.0
2025,120.755,24.195,3,628.8531868798894,2,0,0,-0.0,0.0
2025,120.755,24.205,25,293.75447924833554,3,0,0,-0.0,0.0
